Entity,Code,Year,Research and development expenditure (% of GDP)
Albania,ALB,2007,0.08756999671459198
Albania,ALB,2008,0.15411999821662903
Algeria,DZA,2001,0.23027999699115753
Algeria,DZA,2002,0.3663899898529053
Algeria,DZA,2003,0.19621999561786652
Algeria,DZA,2004,0.16357000172138214
Algeria,DZA,2005,0.06604000180959702
Algeria,DZA,2017,0.5429700016975403
American Samoa,ASM,2003,0.1868000030517578
American Samoa,ASM,2004,0.3233700096607208
American Samoa,ASM,2005,0.36473000049591064
American Samoa,ASM,2006,0.39313000440597534
Angola,AGO,2016,0.03229000046849251
Argentina,ARG,1996,0.41749000549316406
Argentina,ARG,1997,0.4195899963378906
Argentina,ARG,1998,0.41130998730659485
Argentina,ARG,1999,0.45337000489234924
Argentina,ARG,2000,0.43884000182151794
Argentina,ARG,2001,0.4246099889278412
Argentina,ARG,2002,0.38885998725891113
Argentina,ARG,2003,0.41012999415397644
Argentina,ARG,2004,0.40375998616218567
Argentina,ARG,2005,0.420740008354187
Argentina,ARG,2006,0.4521600008010864
Argentina,ARG,2007,0.46007001399993896
Argentina,ARG,2008,0.470550000667572
Argentina,ARG,2009,0.5839800238609314
Argentina,ARG,2010,0.5610399842262268
Argentina,ARG,2011,0.5659700036048889
Argentina,ARG,2012,0.634909987449646
Argentina,ARG,2013,0.6184899806976318
Argentina,ARG,2014,0.5939599871635437
Argentina,ARG,2015,0.6226199865341187
Argentina,ARG,2016,0.5581499934196472
Argentina,ARG,2017,0.5571200251579285
Argentina,ARG,2018,0.4936000108718872
Armenia,ARM,1997,0.18692000210285187
Armenia,ARM,1998,0.22600999474525452
Armenia,ARM,1999,0.21400000154972076
Armenia,ARM,2000,0.19106000661849976
Armenia,ARM,2001,0.27987000346183777
Armenia,ARM,2002,0.25255000591278076
Armenia,ARM,2003,0.3210900127887726
Armenia,ARM,2004,0.25659000873565674
Armenia,ARM,2005,0.2576099932193756
Armenia,ARM,2006,0.24056999385356903
Armenia,ARM,2007,0.2110700011253357
Armenia,ARM,2008,0.2243800014257431
Armenia,ARM,2009,0.29093000292778015
Armenia,ARM,2010,0.24139000475406647
Armenia,ARM,2011,0.27013999223709106
Armenia,ARM,2012,0.2385299950838089
Armenia,ARM,2013,0.2221599966287613
Armenia,ARM,2014,0.24151000380516052
Armenia,ARM,2015,0.25001999735832214
Armenia,ARM,2016,0.23305000364780426
Armenia,ARM,2017,0.22788000106811523
Armenia,ARM,2018,0.18875999748706818
Australia,AUS,1996,1.6664999723434448
Australia,AUS,1998,1.516450047492981
Australia,AUS,2000,1.5755800008773804
Australia,AUS,2002,1.7516100406646729
Australia,AUS,2004,1.8545600175857544
Australia,AUS,2006,2.1855199337005615
Australia,AUS,2008,2.403700113296509
Australia,AUS,2010,2.3758599758148193
Australia,AUS,2011,2.237649917602539
Australia,AUS,2013,2.1786999702453613
Australia,AUS,2015,1.9191800355911255
Australia,AUS,2017,1.8746600151062012
Austria,AUT,1996,1.5807700157165527
Austria,AUT,1997,1.6549099683761597
Austria,AUT,1998,1.7315499782562256
Austria,AUT,1999,1.8453700542449951
Austria,AUT,2000,1.8860199451446533
Austria,AUT,2001,1.9921000003814697
Austria,AUT,2002,2.0659799575805664
Austria,AUT,2003,2.174560070037842
Austria,AUT,2004,2.1661200523376465
Austria,AUT,2005,2.3732399940490723
Austria,AUT,2006,2.3592300415039062
Austria,AUT,2007,2.4184300899505615
Austria,AUT,2008,2.5694499015808105
Austria,AUT,2009,2.5967400074005127
Austria,AUT,2010,2.726099967956543
Austria,AUT,2011,2.66867995262146
Austria,AUT,2012,2.914720058441162
Austria,AUT,2013,2.9549200534820557
Austria,AUT,2014,3.084290027618408
Austria,AUT,2015,3.049690008163452
Austria,AUT,2016,3.1165900230407715
Austria,AUT,2017,3.0488500595092773
Austria,AUT,2018,3.174910068511963
Austria,AUT,2019,3.2105000019073486
Azerbaijan,AZE,1996,0.2353300005197525
Azerbaijan,AZE,1997,0.3695000112056732
Azerbaijan,AZE,1998,0.42124998569488525
Azerbaijan,AZE,1999,0.39289000630378723
Azerbaijan,AZE,2000,0.335999995470047
Azerbaijan,AZE,2001,0.34000998735427856
Azerbaijan,AZE,2002,0.3015500009059906
Azerbaijan,AZE,2003,0.32495999336242676
Azerbaijan,AZE,2004,0.2983100116252899
Azerbaijan,AZE,2005,0.21994000673294067
Azerbaijan,AZE,2006,0.1716500073671341
Azerbaijan,AZE,2007,0.17005999386310577
Azerbaijan,AZE,2008,0.16553999483585358
Azerbaijan,AZE,2009,0.2497600018978119
Azerbaijan,AZE,2010,0.21848000586032867
Azerbaijan,AZE,2011,0.21084000170230865
Azerbaijan,AZE,2012,0.2142699956893921
Azerbaijan,AZE,2013,0.20969000458717346
Azerbaijan,AZE,2014,0.2097799926996231
Azerbaijan,AZE,2015,0.22232000529766083
Azerbaijan,AZE,2016,0.20636999607086182
Azerbaijan,AZE,2017,0.1846799999475479
Azerbaijan,AZE,2018,0.1841599941253662
Bahrain,BHR,2014,0.10115999728441238
Belarus,BLR,1996,0.998520016670227
Belarus,BLR,1997,0.7300000190734863
Belarus,BLR,1998,0.705780029296875
Belarus,BLR,1999,0.845229983329773
Belarus,BLR,2000,0.722100019454956
Belarus,BLR,2001,0.7087600231170654
Belarus,BLR,2002,0.6208999752998352
Belarus,BLR,2003,0.6114699840545654
Belarus,BLR,2004,0.627590000629425
Belarus,BLR,2005,0.6785200238227844
Belarus,BLR,2006,0.6606500148773193
Belarus,BLR,2007,0.9620299935340881
Belarus,BLR,2008,0.7414699792861938
Belarus,BLR,2009,0.6216700077056885
Belarus,BLR,2010,0.6691300272941589
Belarus,BLR,2011,0.6776000261306763
Belarus,BLR,2012,0.6460300087928772
Belarus,BLR,2013,0.6519100069999695
Belarus,BLR,2014,0.5054799914360046
Belarus,BLR,2015,0.49998998641967773
Belarus,BLR,2016,0.5006300210952759
Belarus,BLR,2017,0.5841100215911865
Belarus,BLR,2018,0.6044300198554993
Belgium,BEL,1996,1.7429900169372559
Belgium,BEL,1997,1.8097100257873535
Belgium,BEL,1998,1.8382500410079956
Belgium,BEL,1999,1.905650019645691
Belgium,BEL,2000,1.9361900091171265
Belgium,BEL,2001,2.032789945602417
Belgium,BEL,2002,1.903249979019165
Belgium,BEL,2003,1.841189980506897
Belgium,BEL,2004,1.8205000162124634
Belgium,BEL,2005,1.7906099557876587
Belgium,BEL,2006,1.8226900100708008
Belgium,BEL,2007,1.8499900102615356
Belgium,BEL,2008,1.9368400573730469
Belgium,BEL,2009,1.9986000061035156
Belgium,BEL,2010,2.061880111694336
Belgium,BEL,2011,2.1733200550079346
Belgium,BEL,2012,2.281140089035034
Belgium,BEL,2013,2.3307299613952637
Belgium,BEL,2014,2.3700199127197266
Belgium,BEL,2015,2.4281699657440186
Belgium,BEL,2016,2.522520065307617
Belgium,BEL,2017,2.6612401008605957
Belgium,BEL,2018,2.765779972076416
Bermuda,BMU,1997,0.0588500015437603
Bermuda,BMU,2007,0.18397000432014465
Bermuda,BMU,2008,0.1924699991941452
Bermuda,BMU,2009,0.20903000235557556
Bermuda,BMU,2010,0.2084600031375885
Bermuda,BMU,2011,0.29789999127388
Bermuda,BMU,2012,0.26899999380111694
Bermuda,BMU,2013,0.22770999372005463
Bermuda,BMU,2014,0.21585999429225922
Bermuda,BMU,2015,0.22035999596118927
Bermuda,BMU,2018,0.2599799931049347
Bolivia,BOL,1996,0.325439989566803
Bolivia,BOL,1997,0.3157700002193451
Bolivia,BOL,1998,0.294950008392334
Bolivia,BOL,1999,0.2983599901199341
Bolivia,BOL,2000,0.2874400019645691
Bolivia,BOL,2001,0.29357999563217163
Bolivia,BOL,2002,0.2766300141811371
Bolivia,BOL,2009,0.15700000524520874
Bosnia and Herzegovina,BIH,2003,0.018540000542998314
Bosnia and Herzegovina,BIH,2004,0.015239999629557133
Bosnia and Herzegovina,BIH,2005,0.026969999074935913
Bosnia and Herzegovina,BIH,2006,0.019689999520778656
Bosnia and Herzegovina,BIH,2007,0.025210000574588776
Bosnia and Herzegovina,BIH,2008,0.01841999962925911
Bosnia and Herzegovina,BIH,2009,0.021059999242424965
Bosnia and Herzegovina,BIH,2012,0.2653299868106842
Bosnia and Herzegovina,BIH,2013,0.3213199973106384
Bosnia and Herzegovina,BIH,2014,0.25725001096725464
Bosnia and Herzegovina,BIH,2015,0.21860000491142273
Bosnia and Herzegovina,BIH,2016,0.21593999862670898
Bosnia and Herzegovina,BIH,2017,0.20047999918460846
Bosnia and Herzegovina,BIH,2018,0.19484999775886536
Botswana,BWA,2005,0.5328599810600281
Botswana,BWA,2012,0.2587999999523163
Botswana,BWA,2013,0.5372800230979919
Brazil,BRA,2000,1.047510027885437
Brazil,BRA,2001,1.0619800090789795
Brazil,BRA,2002,1.0096800327301025
Brazil,BRA,2003,0.9993900060653687
Brazil,BRA,2004,0.9634299874305725
Brazil,BRA,2005,1.00246000289917
Brazil,BRA,2006,0.988070011138916
Brazil,BRA,2007,1.081380009651184
Brazil,BRA,2008,1.129040002822876
Brazil,BRA,2009,1.1186599731445312
Brazil,BRA,2010,1.1599199771881104
Brazil,BRA,2011,1.1396600008010864
Brazil,BRA,2012,1.1268399953842163
Brazil,BRA,2013,1.1956700086593628
Brazil,BRA,2014,1.2713099718093872
Brazil,BRA,2015,1.3426400423049927
Brazil,BRA,2016,1.2634299993515015
Brazil,BRA,2017,1.0939199924468994
Brazil,BRA,2018,1.1603800058364868
Brunei,BRN,2002,0.01592000015079975
Brunei,BRN,2003,0.01841999962925911
Brunei,BRN,2004,0.03700999915599823
Brunei,BRN,2018,0.2776300013065338
Bulgaria,BGR,1996,0.41826000809669495
Bulgaria,BGR,1997,0.4654799997806549
Bulgaria,BGR,1998,0.482230007648468
Bulgaria,BGR,1999,0.5368800163269043
Bulgaria,BGR,2000,0.495169997215271
Bulgaria,BGR,2001,0.4470899999141693
Bulgaria,BGR,2002,0.46472999453544617
Bulgaria,BGR,2003,0.4722200036048889
Bulgaria,BGR,2004,0.47086000442504883
Bulgaria,BGR,2005,0.44269001483917236
Bulgaria,BGR,2006,0.4421600103378296
Bulgaria,BGR,2007,0.4302999973297119
Bulgaria,BGR,2008,0.44765999913215637
Bulgaria,BGR,2009,0.4936099946498871
Bulgaria,BGR,2010,0.5666300058364868
Bulgaria,BGR,2011,0.5324199795722961
Bulgaria,BGR,2012,0.6035500168800354
Bulgaria,BGR,2013,0.6368200182914734
Bulgaria,BGR,2014,0.7928100228309631
Bulgaria,BGR,2015,0.9520099759101868
Bulgaria,BGR,2016,0.7721700072288513
Bulgaria,BGR,2017,0.7430800199508667
Bulgaria,BGR,2018,0.755649983882904
Burkina Faso,BFA,1996,0.15834000706672668
Burkina Faso,BFA,1997,0.18104000389575958
Burkina Faso,BFA,2001,0.16816000640392303
Burkina Faso,BFA,2002,0.30110999941825867
Burkina Faso,BFA,2003,0.24111999571323395
Burkina Faso,BFA,2004,0.21513999998569489
Burkina Faso,BFA,2005,0.1516599953174591
Burkina Faso,BFA,2007,0.09836000204086304
Burkina Faso,BFA,2008,0.16568000614643097
Burkina Faso,BFA,2009,0.1778700053691864
Burkina Faso,BFA,2014,0.19719000160694122
Burkina Faso,BFA,2017,0.6108899712562561
Burundi,BDI,2007,0.20068000257015228
Burundi,BDI,2008,0.15417000651359558
Burundi,BDI,2009,0.1409599930047989
Burundi,BDI,2010,0.13718999922275543
Burundi,BDI,2012,0.10701999813318253
Burundi,BDI,2018,0.2131199985742569
Cambodia,KHM,2002,0.049800001084804535
Cambodia,KHM,2015,0.11823000013828278
Canada,CAN,1996,1.612089991569519
Canada,CAN,1997,1.6192100048065186
Canada,CAN,1998,1.7164299488067627
Canada,CAN,1999,1.75586998462677
Canada,CAN,2000,1.8646899461746216
Canada,CAN,2001,2.0283100605010986
Canada,CAN,2002,1.9787299633026123
Canada,CAN,2003,1.9747799634933472
Canada,CAN,2004,2.004159927368164
Canada,CAN,2005,1.9775899648666382
Canada,CAN,2006,1.9487199783325195
Canada,CAN,2007,1.9085700511932373
Canada,CAN,2008,1.8603999614715576
Canada,CAN,2009,1.9222700595855713
Canada,CAN,2010,1.8295799493789673
Canada,CAN,2011,1.7913199663162231
Canada,CAN,2012,1.772320032119751
Canada,CAN,2013,1.705399990081787
Canada,CAN,2014,1.714169979095459
Canada,CAN,2015,1.6932400465011597
Canada,CAN,2016,1.7287299633026123
Canada,CAN,2017,1.6688599586486816
Canada,CAN,2018,1.5628700256347656
Canada,CAN,2019,1.5426599979400635
Cape Verde,CPV,2011,0.07264000177383423
Chad,TCD,2016,0.3005000054836273
Chile,CHL,2007,0.3095700144767761
Chile,CHL,2008,0.3749699890613556
Chile,CHL,2009,0.3520199954509735
Chile,CHL,2010,0.3294700086116791
Chile,CHL,2011,0.3514400124549866
Chile,CHL,2012,0.362199991941452
Chile,CHL,2013,0.388700008392334
Chile,CHL,2014,0.3750300109386444
Chile,CHL,2015,0.380730003118515
Chile,CHL,2016,0.3693400025367737
Chile,CHL,2017,0.35607999563217163
China,CHN,1996,0.5632399916648865
China,CHN,1997,0.638729989528656
China,CHN,1998,0.6468899846076965
China,CHN,1999,0.7496299743652344
China,CHN,2000,0.8931599855422974
China,CHN,2001,0.9403300285339355
China,CHN,2002,1.057860016822815
China,CHN,2003,1.1203700304031372
China,CHN,2004,1.2149800062179565
China,CHN,2005,1.307919979095459
China,CHN,2006,1.3685400485992432
China,CHN,2007,1.3736900091171265
China,CHN,2008,1.4459199905395508
China,CHN,2009,1.6648000478744507
China,CHN,2010,1.7137199640274048
China,CHN,2011,1.7803399562835693
China,CHN,2012,1.9121400117874146
China,CHN,2013,1.9978599548339844
China,CHN,2014,2.022429943084717
China,CHN,2015,2.0570099353790283
China,CHN,2016,2.100330114364624
China,CHN,2017,2.116029977798462
China,CHN,2018,2.14057993888855
Colombia,COL,1996,0.29923000931739807
Colombia,COL,1997,0.27366000413894653
Colombia,COL,2000,0.12998999655246735
Colombia,COL,2001,0.13183000683784485
Colombia,COL,2002,0.13944000005722046
Colombia,COL,2003,0.15602000057697296
Colombia,COL,2004,0.15353000164031982
Colombia,COL,2005,0.150859996676445
Colombia,COL,2006,0.14949999749660492
Colombia,COL,2007,0.18455000221729279
Colombia,COL,2008,0.20125000178813934
Colombia,COL,2009,0.19607999920845032
Colombia,COL,2010,0.1950100064277649
Colombia,COL,2011,0.20595000684261322
Colombia,COL,2012,0.23377999663352966
Colombia,COL,2013,0.27110999822616577
Colombia,COL,2014,0.30562999844551086
Colombia,COL,2015,0.28975000977516174
Colombia,COL,2016,0.26693999767303467
Colombia,COL,2017,0.24286000430583954
Colombia,COL,2018,0.23462000489234924
Costa Rica,CRI,1996,0.3037700057029724
Costa Rica,CRI,1997,0.29715999960899353
Costa Rica,CRI,1998,0.26655998826026917
Costa Rica,CRI,1999,0.3691299855709076
Costa Rica,CRI,2000,0.41310998797416687
Costa Rica,CRI,2003,0.3634899854660034
Costa Rica,CRI,2004,0.3745200037956238
Costa Rica,CRI,2006,0.4290600121021271
Costa Rica,CRI,2007,0.3584200143814087
Costa Rica,CRI,2008,0.3883099853992462
Costa Rica,CRI,2009,0.5202800035476685
Costa Rica,CRI,2010,0.4849199950695038
Costa Rica,CRI,2011,0.4678199887275696
Costa Rica,CRI,2012,0.5560600161552429
Costa Rica,CRI,2013,0.5556700229644775
Costa Rica,CRI,2014,0.5720900297164917
Costa Rica,CRI,2015,0.44993001222610474
Costa Rica,CRI,2016,0.4564499855041504
Costa Rica,CRI,2017,0.44067999720573425
Costa Rica,CRI,2018,0.38288000226020813
Cote d'Ivoire,CIV,2016,0.07039999961853027
Croatia,HRV,1999,0.8399099707603455
Croatia,HRV,2000,1.0491600036621094
Croatia,HRV,2001,0.9207900166511536
Croatia,HRV,2002,0.9503300189971924
Croatia,HRV,2003,0.9498100280761719
Croatia,HRV,2004,1.030310034751892
Croatia,HRV,2005,0.8561400175094604
Croatia,HRV,2006,0.7400699853897095
Croatia,HRV,2007,0.7910699844360352
Croatia,HRV,2008,0.8865600228309631
Croatia,HRV,2009,0.8447399735450745
Croatia,HRV,2010,0.7429199814796448
Croatia,HRV,2011,0.7509499788284302
Croatia,HRV,2012,0.751010000705719
Croatia,HRV,2013,0.8115699887275696
Croatia,HRV,2014,0.7830600142478943
Croatia,HRV,2015,0.8400700092315674
Croatia,HRV,2016,0.8631399869918823
Croatia,HRV,2017,0.8626599907875061
Croatia,HRV,2018,0.9719200134277344
Cuba,CUB,1996,0.3473599851131439
Cuba,CUB,1997,0.40171998739242554
Cuba,CUB,1998,0.5012400150299072
Cuba,CUB,1999,0.4583199918270111
Cuba,CUB,2000,0.4786500036716461
Cuba,CUB,2001,0.5652999877929688
Cuba,CUB,2002,0.5644500255584717
Cuba,CUB,2003,0.5824300050735474
Cuba,CUB,2004,0.6023100018501282
Cuba,CUB,2005,0.5491999983787537
Cuba,CUB,2006,0.4413900077342987
Cuba,CUB,2007,0.4361500144004822
Cuba,CUB,2008,0.5006099939346313
Cuba,CUB,2009,0.6148499846458435
Cuba,CUB,2010,0.6076700091362
Cuba,CUB,2011,0.27191999554634094
Cuba,CUB,2012,0.4071600139141083
Cuba,CUB,2013,0.4746699929237366
Cuba,CUB,2014,0.41596001386642456
Cuba,CUB,2015,0.4285399913787842
Cuba,CUB,2016,0.3422299921512604
Cuba,CUB,2017,0.4306600093841553
Cuba,CUB,2018,0.537060022354126
Cyprus,CYP,1998,0.20330999791622162
Cyprus,CYP,1999,0.21806000173091888
Cyprus,CYP,2000,0.22689999639987946
Cyprus,CYP,2001,0.23693999648094177
Cyprus,CYP,2002,0.27967000007629395
Cyprus,CYP,2003,0.318340003490448
Cyprus,CYP,2004,0.335640013217926
Cyprus,CYP,2005,0.36726999282836914
Cyprus,CYP,2006,0.38345998525619507
Cyprus,CYP,2007,0.4000700116157532
Cyprus,CYP,2008,0.38593998551368713
Cyprus,CYP,2009,0.44437000155448914
Cyprus,CYP,2010,0.44409000873565674
Cyprus,CYP,2011,0.45388999581336975
Cyprus,CYP,2012,0.43887999653816223
Cyprus,CYP,2013,0.48607000708580017
Cyprus,CYP,2014,0.514240026473999
Cyprus,CYP,2015,0.478410005569458
Cyprus,CYP,2016,0.523580014705658
Cyprus,CYP,2017,0.5499799847602844
Cyprus,CYP,2018,0.5478299856185913
Czechia,CZE,1996,0.8944600224494934
Czechia,CZE,1997,0.9943900108337402
Czechia,CZE,1998,1.0652799606323242
Czechia,CZE,1999,1.0545200109481812
Czechia,CZE,2000,1.1131900548934937
Czechia,CZE,2001,1.1033300161361694
Czechia,CZE,2002,1.102020025253296
Czechia,CZE,2003,1.1474100351333618
Czechia,CZE,2004,1.1455899477005005
Czechia,CZE,2005,1.1683499813079834
Czechia,CZE,2006,1.2317299842834473
Czechia,CZE,2007,1.3022799491882324
Czechia,CZE,2008,1.2393300533294678
Czechia,CZE,2009,1.2943799495697021
Czechia,CZE,2010,1.3368799686431885
Czechia,CZE,2011,1.555709958076477
Czechia,CZE,2012,1.7823100090026855
Czechia,CZE,2013,1.8997299671173096
Czechia,CZE,2014,1.97284996509552
Czechia,CZE,2015,1.929229974746704
Czechia,CZE,2016,1.680150032043457
Czechia,CZE,2017,1.7907899618148804
Czechia,CZE,2018,1.9301700592041016
Democratic Republic of Congo,COD,2004,0.267769992351532
Democratic Republic of Congo,COD,2005,0.057989999651908875
Democratic Republic of Congo,COD,2006,0.060440000146627426
Democratic Republic of Congo,COD,2007,0.1360899955034256
Democratic Republic of Congo,COD,2008,0.08252999931573868
Democratic Republic of Congo,COD,2009,0.07822000235319138
Democratic Republic of Congo,COD,2015,0.4063799977302551
Denmark,DNK,1996,1.8066699504852295
Denmark,DNK,1997,1.889140009880066
Denmark,DNK,1998,2.006190061569214
Denmark,DNK,1999,2.1276400089263916
Denmark,DNK,2001,2.324660062789917
Denmark,DNK,2002,2.4414501190185547
Denmark,DNK,2003,2.510849952697754
Denmark,DNK,2004,2.4191598892211914
Denmark,DNK,2005,2.3933699131011963
Denmark,DNK,2006,2.4030001163482666
Denmark,DNK,2007,2.5154099464416504
Denmark,DNK,2008,2.7734599113464355
Denmark,DNK,2009,3.0551400184631348
Denmark,DNK,2010,2.917069911956787
Denmark,DNK,2011,2.9446499347686768
Denmark,DNK,2012,2.981250047683716
Denmark,DNK,2013,2.970479965209961
Denmark,DNK,2014,2.9140899181365967
Denmark,DNK,2015,3.0549700260162354
Denmark,DNK,2016,3.092829942703247
Denmark,DNK,2017,3.050149917602539
Denmark,DNK,2018,3.0329198837280273
East Asia and Pacific,,1996,2.2193732261657715
East Asia and Pacific,,1997,2.2948241233825684
East Asia and Pacific,,1998,2.259896993637085
East Asia and Pacific,,1999,2.3315141201019287
East Asia and Pacific,,2000,2.2648448944091797
East Asia and Pacific,,2001,2.3112423419952393
East Asia and Pacific,,2002,2.274630069732666
East Asia and Pacific,,2003,2.359210968017578
East Asia and Pacific,,2004,2.3419318199157715
East Asia and Pacific,,2005,2.424405336380005
East Asia and Pacific,,2006,2.4214258193969727
East Asia and Pacific,,2007,2.369929552078247
East Asia and Pacific,,2008,2.37030291557312
East Asia and Pacific,,2009,2.263038158416748
East Asia and Pacific,,2010,2.411275625228882
East Asia and Pacific,,2011,2.3472604751586914
East Asia and Pacific,,2012,2.4967751502990723
East Asia and Pacific,,2013,2.2908456325531006
East Asia and Pacific,,2014,2.483715534210205
East Asia and Pacific,,2015,2.3371472358703613
East Asia and Pacific,,2016,2.352276086807251
East Asia and Pacific,,2017,2.3301219940185547
East Asia and Pacific,,2018,2.443702220916748
Ecuador,ECU,1996,0.07406000047922134
Ecuador,ECU,1997,0.06262999773025513
Ecuador,ECU,1998,0.06516999751329422
Ecuador,ECU,2001,0.051500000059604645
Ecuador,ECU,2002,0.0553399994969368
Ecuador,ECU,2003,0.057349998503923416
Ecuador,ECU,2006,0.12862999737262726
Ecuador,ECU,2007,0.13194000720977783
Ecuador,ECU,2008,0.2277899980545044
Ecuador,ECU,2009,0.3946300148963928
Ecuador,ECU,2010,0.40296998620033264
Ecuador,ECU,2011,0.33991000056266785
Ecuador,ECU,2012,0.33235999941825867
Ecuador,ECU,2013,0.3799000084400177
Ecuador,ECU,2014,0.44266000390052795
Egypt,EGY,1996,0.2125999927520752
Egypt,EGY,1997,0.19755999743938446
Egypt,EGY,1998,0.19910000264644623
Egypt,EGY,1999,0.18650999665260315
Egypt,EGY,2000,0.1924699991941452
Egypt,EGY,2004,0.26993998885154724
Egypt,EGY,2005,0.2414100021123886
Egypt,EGY,2006,0.2590300142765045
Egypt,EGY,2007,0.2551000118255615
Egypt,EGY,2008,0.27024000883102417
Egypt,EGY,2009,0.4331200122833252
Egypt,EGY,2010,0.43345001339912415
Egypt,EGY,2011,0.5315399765968323
Egypt,EGY,2012,0.5089899897575378
Egypt,EGY,2013,0.638949990272522
Egypt,EGY,2014,0.636489987373352
Egypt,EGY,2015,0.7185800075531006
Egypt,EGY,2016,0.7084800004959106
Egypt,EGY,2017,0.6794099807739258
Egypt,EGY,2018,0.7238799929618835
El Salvador,SLV,1998,0.08817999809980392
El Salvador,SLV,2007,0.10559999942779541
El Salvador,SLV,2008,0.13399000465869904
El Salvador,SLV,2009,0.0908999964594841
El Salvador,SLV,2010,0.07806000113487244
El Salvador,SLV,2011,0.03550000116229057
El Salvador,SLV,2012,0.033969998359680176
El Salvador,SLV,2013,0.06386999785900116
El Salvador,SLV,2014,0.09376999735832214
El Salvador,SLV,2015,0.14348000288009644
El Salvador,SLV,2016,0.14493000507354736
El Salvador,SLV,2017,0.18077999353408813
El Salvador,SLV,2018,0.1647000014781952
Estonia,EST,1998,0.5658299922943115
Estonia,EST,1999,0.6764799952507019
Estonia,EST,2000,0.5992100238800049
Estonia,EST,2001,0.6978800296783447
Estonia,EST,2002,0.7116000056266785
Estonia,EST,2003,0.7643700242042542
Estonia,EST,2004,0.8459500074386597
Estonia,EST,2005,0.9175999760627747
Estonia,EST,2006,1.1134599447250366
Estonia,EST,2007,1.0589100122451782
Estonia,EST,2008,1.2503600120544434
Estonia,EST,2009,1.3889399766921997
Estonia,EST,2010,1.5662800073623657
Estonia,EST,2011,2.2847299575805664
Estonia,EST,2012,2.10903000831604
Estonia,EST,2013,1.7130199670791626
Estonia,EST,2014,1.420889973640442
Estonia,EST,2015,1.4568500518798828
Estonia,EST,2016,1.2461700439453125
Estonia,EST,2017,1.279960036277771
Estonia,EST,2018,1.4044100046157837
Eswatini,SWZ,2015,0.2666099965572357
Ethiopia,ETH,2005,0.17916999757289886
Ethiopia,ETH,2007,0.17089000344276428
Ethiopia,ETH,2010,0.24137000739574432
Ethiopia,ETH,2013,0.6047400236129761
Ethiopia,ETH,2017,0.274370014667511
Europe and Central Asia,,1996,1.655190110206604
Europe and Central Asia,,1997,1.6364414691925049
Europe and Central Asia,,1998,1.6052401065826416
Europe and Central Asia,,1999,1.698183536529541
Europe and Central Asia,,2000,1.6764864921569824
Europe and Central Asia,,2001,1.7199960947036743
Europe and Central Asia,,2002,1.695487380027771
Europe and Central Asia,,2003,1.7201201915740967
Europe and Central Asia,,2004,1.6975412368774414
Europe and Central Asia,,2005,1.6504074335098267
Europe and Central Asia,,2006,1.6576621532440186
Europe and Central Asia,,2007,1.6585955619812012
Europe and Central Asia,,2008,1.7238044738769531
Europe and Central Asia,,2009,1.812591314315796
Europe and Central Asia,,2010,1.7762833833694458
Europe and Central Asia,,2011,1.782465934753418
Europe and Central Asia,,2012,1.836621880531311
Europe and Central Asia,,2013,1.7982192039489746
Europe and Central Asia,,2014,1.837141990661621
Europe and Central Asia,,2015,1.9173823595046997
Europe and Central Asia,,2016,1.8815462589263916
Europe and Central Asia,,2017,1.9707425832748413
Europe and Central Asia,,2018,1.976402997970581
European Union,,1996,1.6986401081085205
European Union,,1997,1.7308937311172485
European Union,,1998,1.6996736526489258
European Union,,1999,1.7839940786361694
European Union,,2000,1.7526458501815796
European Union,,2001,1.8215543031692505
European Union,,2002,1.7898669242858887
European Union,,2003,1.825577974319458
European Union,,2004,1.7937917709350586
European Union,,2005,1.7819916009902954
European Union,,2006,1.8025848865509033
European Union,,2007,1.7966207265853882
European Union,,2008,1.874045491218567
European Union,,2009,1.9685825109481812
European Union,,2010,1.9695817232131958
European Union,,2011,2.0167272090911865
European Union,,2012,2.077878713607788
European Union,,2013,2.0836832523345947
European Union,,2014,2.106807231903076
European Union,,2015,2.1157732009887695
European Union,,2016,2.108168125152588
European Union,,2017,2.1710097789764404
European Union,,2018,2.1886467933654785
Faeroe Islands,FRO,2003,0.8570500016212463
Finland,FIN,1996,2.4525599479675293
Finland,FIN,1997,2.621579885482788
Finland,FIN,1998,2.7844200134277344
Finland,FIN,1999,3.056190013885498
Finland,FIN,2000,3.241379976272583
Finland,FIN,2001,3.1937201023101807
Finland,FIN,2002,3.253079891204834
Finland,FIN,2003,3.298219919204712
Finland,FIN,2004,3.309070110321045
Finland,FIN,2005,3.323699951171875
Finland,FIN,2006,3.3321499824523926
Finland,FIN,2007,3.3370399475097656
Finland,FIN,2008,3.5369699001312256
Finland,FIN,2009,3.7340199947357178
Finland,FIN,2010,3.705319881439209
Finland,FIN,2011,3.6180601119995117
Finland,FIN,2012,3.398319959640503
Finland,FIN,2013,3.2713699340820312
Finland,FIN,2014,3.147510051727295
Finland,FIN,2015,2.871959924697876
Finland,FIN,2016,2.7244200706481934
Finland,FIN,2017,2.733489990234375
Finland,FIN,2018,2.7557199001312256
France,FRA,1996,2.2228000164031982
France,FRA,1997,2.1469900608062744
France,FRA,1998,2.094759941101074
France,FRA,1999,2.1076700687408447
France,FRA,2000,2.0934600830078125
France,FRA,2001,2.138040065765381
France,FRA,2002,2.174489974975586
France,FRA,2003,2.1199400424957275
France,FRA,2004,2.0946099758148193
France,FRA,2005,2.0515100955963135
France,FRA,2006,2.0509400367736816
France,FRA,2007,2.024509906768799
France,FRA,2008,2.0611701011657715
France,FRA,2009,2.2120699882507324
France,FRA,2010,2.178570032119751
France,FRA,2011,2.191610097885132
France,FRA,2012,2.2270700931549072
France,FRA,2013,2.237030029296875
France,FRA,2014,2.2759199142456055
France,FRA,2015,2.2670300006866455
France,FRA,2016,2.2223799228668213
France,FRA,2017,2.2034800052642822
France,FRA,2018,2.1929399967193604
Gabon,GAB,2007,0.4163300096988678
Gabon,GAB,2008,0.5109000205993652
Gabon,GAB,2009,0.5792400240898132
Gambia,GMB,2008,0.012609999626874924
Gambia,GMB,2009,0.010859999805688858
Gambia,GMB,2011,0.08479999750852585
Gambia,GMB,2018,0.07092999666929245
Georgia,GEO,1996,0.33087998628616333
Georgia,GEO,1997,0.3424000144004822
Georgia,GEO,1998,0.3538399934768677
Georgia,GEO,1999,0.28769001364707947
Georgia,GEO,2000,0.21529999375343323
Georgia,GEO,2001,0.23848000168800354
Georgia,GEO,2002,0.18573999404907227
Georgia,GEO,2003,0.2176000028848648
Georgia,GEO,2004,0.24420000612735748
Georgia,GEO,2005,0.17657999694347382
Georgia,GEO,2013,0.0785600021481514
Georgia,GEO,2014,0.1731799989938736
Georgia,GEO,2015,0.29927998781204224
Georgia,GEO,2016,0.28586000204086304
Georgia,GEO,2017,0.2702299952507019
Georgia,GEO,2018,0.2805199921131134
Germany,DEU,1996,2.1446099281311035
Germany,DEU,1997,2.1883199214935303
Germany,DEU,1998,2.216130018234253
Germany,DEU,1999,2.347790002822876
Germany,DEU,2000,2.409820079803467
Germany,DEU,2001,2.404370069503784
Germany,DEU,2002,2.4362199306488037
Germany,DEU,2003,2.4746100902557373
Germany,DEU,2004,2.435189962387085
Germany,DEU,2005,2.441930055618286
Germany,DEU,2006,2.472320079803467
Germany,DEU,2007,2.460479974746704
Germany,DEU,2008,2.6151299476623535
Germany,DEU,2009,2.7426600456237793
Germany,DEU,2010,2.7302401065826416
Germany,DEU,2011,2.8055500984191895
Germany,DEU,2012,2.881659984588623
Germany,DEU,2013,2.8359899520874023
Germany,DEU,2014,2.877840042114258
Germany,DEU,2015,2.930030107498169
Germany,DEU,2016,2.9409899711608887
Germany,DEU,2017,3.067919969558716
Germany,DEU,2018,3.1326699256896973
Ghana,GHA,2007,0.23157000541687012
Ghana,GHA,2010,0.37654998898506165
Greece,GRC,1997,0.42910000681877136
Greece,GRC,1999,0.5682299733161926
Greece,GRC,2001,0.5594800114631653
Greece,GRC,2003,0.5465400218963623
Greece,GRC,2004,0.5273000001907349
Greece,GRC,2005,0.5789600014686584
Greece,GRC,2006,0.5611799955368042
Greece,GRC,2007,0.5765500068664551
Greece,GRC,2008,0.6618300080299377
Greece,GRC,2009,0.6255699992179871
Greece,GRC,2010,0.5983800292015076
Greece,GRC,2011,0.6719599962234497
Greece,GRC,2012,0.6995700001716614
Greece,GRC,2013,0.8113099932670593
Greece,GRC,2014,0.833299994468689
Greece,GRC,2015,0.9612100124359131
Greece,GRC,2016,0.993939995765686
Greece,GRC,2017,1.1310900449752808
Greece,GRC,2018,1.1773200035095215
Greenland,GRL,2001,0.5274099707603455
Greenland,GRL,2002,0.5562800168991089
Greenland,GRL,2003,0.5080400109291077
Greenland,GRL,2004,0.6460800170898438
Guam,GUM,2003,0.2663699984550476
Guam,GUM,2004,0.2559700012207031
Guam,GUM,2005,0.25707000494003296
Guatemala,GTM,2005,0.03500000014901161
Guatemala,GTM,2006,0.049300000071525574
Guatemala,GTM,2007,0.0667399987578392
Guatemala,GTM,2008,0.061879999935626984
Guatemala,GTM,2009,0.05530000105500221
Guatemala,GTM,2010,0.04349999874830246
Guatemala,GTM,2011,0.04814000055193901
Guatemala,GTM,2012,0.04470999911427498
Guatemala,GTM,2013,0.039159998297691345
Guatemala,GTM,2014,0.029489999637007713
Guatemala,GTM,2015,0.030640000477433205
Guatemala,GTM,2016,0.023110000416636467
Guatemala,GTM,2017,0.029570000246167183
Guatemala,GTM,2018,0.02947000041604042
High income,,1996,2.1624536514282227
High income,,1997,2.189417600631714
High income,,1998,2.1916940212249756
High income,,1999,2.260175943374634
High income,,2000,2.3251988887786865
High income,,2001,2.356760025024414
High income,,2002,2.2969751358032227
High income,,2003,2.2688300609588623
High income,,2004,2.219191551208496
High income,,2005,2.233947277069092
High income,,2006,2.2589075565338135
High income,,2007,2.261417865753174
High income,,2008,2.3414299488067627
High income,,2009,2.4077694416046143
High income,,2010,2.387521266937256
High income,,2011,2.3973655700683594
High income,,2012,2.4202661514282227
High income,,2013,2.4071714878082275
High income,,2014,2.4598324298858643
High income,,2015,2.45644474029541
High income,,2016,2.4994778633117676
High income,,2017,2.5582220554351807
High income,,2018,2.5859410762786865
Honduras,HND,2000,0.044530000537633896
Honduras,HND,2001,0.038339998573064804
Honduras,HND,2002,0.04180999845266342
Honduras,HND,2003,0.042149998247623444
Honduras,HND,2004,0.04154999926686287
Honduras,HND,2015,0.01496999990195036
Honduras,HND,2017,0.0399399995803833
Hong Kong,HKG,1998,0.42829999327659607
Hong Kong,HKG,1999,0.4576700031757355
Hong Kong,HKG,2000,0.46492999792099
Hong Kong,HKG,2001,0.5364500284194946
Hong Kong,HKG,2002,0.5814700126647949
Hong Kong,HKG,2003,0.6802700161933899
Hong Kong,HKG,2004,0.7217599749565125
Hong Kong,HKG,2005,0.7734299898147583
Hong Kong,HKG,2006,0.7946799993515015
Hong Kong,HKG,2007,0.7516099810600281
Hong Kong,HKG,2008,0.7199599742889404
Hong Kong,HKG,2009,0.773419976234436
Hong Kong,HKG,2010,0.749459981918335
Hong Kong,HKG,2011,0.7208600044250488
Hong Kong,HKG,2012,0.7273300290107727
Hong Kong,HKG,2013,0.7301700115203857
Hong Kong,HKG,2014,0.7401400208473206
Hong Kong,HKG,2015,0.7618299722671509
Hong Kong,HKG,2016,0.7915499806404114
Hong Kong,HKG,2017,0.8001999855041504
Hong Kong,HKG,2018,0.8633999824523926
Hungary,HUN,1996,0.6302700042724609
Hungary,HUN,1997,0.6989499926567078
Hungary,HUN,1998,0.6571099758148193
Hungary,HUN,1999,0.6718599796295166
Hungary,HUN,2000,0.7909600138664246
Hungary,HUN,2001,0.913100004196167
Hungary,HUN,2002,0.9835500121116638
Hungary,HUN,2003,0.9186499714851379
Hungary,HUN,2004,0.8612300157546997
Hungary,HUN,2005,0.9213899970054626
Hungary,HUN,2006,0.9785699844360352
Hungary,HUN,2007,0.9559500217437744
Hungary,HUN,2008,0.9787399768829346
Hungary,HUN,2009,1.130679965019226
Hungary,HUN,2010,1.1375999450683594
Hungary,HUN,2011,1.186210036277771
Hungary,HUN,2012,1.2606899738311768
Hungary,HUN,2013,1.3869099617004395
Hungary,HUN,2014,1.3491400480270386
Hungary,HUN,2015,1.346519947052002
Hungary,HUN,2016,1.1900700330734253
Hungary,HUN,2017,1.3319300413131714
Hungary,HUN,2018,1.533370018005371
Iceland,ISL,1997,1.7954000234603882
Iceland,ISL,1998,1.9531999826431274
Iceland,ISL,1999,2.2376699447631836
Iceland,ISL,2000,2.5782999992370605
Iceland,ISL,2001,2.850100040435791
Iceland,ISL,2002,2.8284099102020264
Iceland,ISL,2003,2.709120035171509
Iceland,ISL,2005,2.6861400604248047
Iceland,ISL,2006,2.893899917602539
Iceland,ISL,2007,2.5491299629211426
Iceland,ISL,2008,2.487449884414673
Iceland,ISL,2009,2.5951099395751953
Iceland,ISL,2011,2.413670063018799
Iceland,ISL,2013,1.7020399570465088
Iceland,ISL,2014,1.9481099843978882
Iceland,ISL,2015,2.1974599361419678
Iceland,ISL,2016,2.127690076828003
Iceland,ISL,2017,2.1045498847961426
Iceland,ISL,2018,2.0413498878479004
India,IND,1996,0.6390500068664551
India,IND,1997,0.6866899728775024
India,IND,1998,0.703790009021759
India,IND,1999,0.7241299748420715
India,IND,2000,0.7569900155067444
India,IND,2001,0.7359099984169006
India,IND,2002,0.7256699800491333
India,IND,2003,0.719290018081665
India,IND,2004,0.7569000124931335
India,IND,2005,0.8241099715232849
India,IND,2006,0.8047299981117249
India,IND,2007,0.8050699830055237
India,IND,2008,0.8587599992752075
India,IND,2009,0.8331400156021118
India,IND,2010,0.7884899973869324
India,IND,2011,0.755020022392273
India,IND,2012,0.7439900040626526
India,IND,2013,0.7064200043678284
India,IND,2014,0.7015900015830994
India,IND,2015,0.6930999755859375
India,IND,2016,0.6698399782180786
India,IND,2017,0.6657099723815918
India,IND,2018,0.6528199911117554
Indonesia,IDN,2000,0.06768999993801117
Indonesia,IDN,2001,0.04755999892950058
Indonesia,IDN,2009,0.0833199992775917
Indonesia,IDN,2013,0.08470000326633453
Indonesia,IDN,2016,0.24535000324249268
Indonesia,IDN,2017,0.23804999887943268
Indonesia,IDN,2018,0.2263299971818924
Iran,IRN,2001,0.5021799802780151
Iran,IRN,2002,0.4955799877643585
Iran,IRN,2003,0.5948399901390076
Iran,IRN,2004,0.5045300126075745
Iran,IRN,2005,0.6228399872779846
Iran,IRN,2006,0.5592100024223328
Iran,IRN,2008,0.6464700102806091
Iran,IRN,2009,0.27257999777793884
Iran,IRN,2010,0.2644200026988983
Iran,IRN,2012,0.31654998660087585
Iran,IRN,2013,0.2526699900627136
Iran,IRN,2015,0.41762998700141907
Iran,IRN,2017,0.830269992351532
Iraq,IRQ,2007,0.04554000124335289
Iraq,IRQ,2008,0.03435000032186508
Iraq,IRQ,2009,0.04562000185251236
Iraq,IRQ,2010,0.03683999925851822
Iraq,IRQ,2011,0.0347599983215332
Iraq,IRQ,2014,0.03733000159263611
Iraq,IRQ,2015,0.0377499982714653
Iraq,IRQ,2016,0.035599999129772186
Iraq,IRQ,2017,0.04410000145435333
Iraq,IRQ,2018,0.04341999813914299
Ireland,IRL,1996,1.2700599431991577
Ireland,IRL,1997,1.2431700229644775
Ireland,IRL,1998,1.2095799446105957
Ireland,IRL,1999,1.153380036354065
Ireland,IRL,2000,1.0849699974060059
Ireland,IRL,2001,1.0530600547790527
Ireland,IRL,2002,1.0560499429702759
Ireland,IRL,2003,1.1245100498199463
Ireland,IRL,2004,1.1786600351333618
Ireland,IRL,2005,1.19281005859375
Ireland,IRL,2006,1.1983599662780762
Ireland,IRL,2007,1.2332500219345093
Ireland,IRL,2008,1.387660026550293
Ireland,IRL,2009,1.608199954032898
Ireland,IRL,2010,1.5915299654006958
Ireland,IRL,2011,1.5605800151824951
Ireland,IRL,2012,1.5611900091171265
Ireland,IRL,2013,1.5657999515533447
Ireland,IRL,2014,1.523069977760315
Ireland,IRL,2015,1.182669997215271
Ireland,IRL,2016,1.1689200401306152
Ireland,IRL,2018,1.1464699506759644
Israel,ISR,1996,2.5905399322509766
Israel,ISR,1997,2.8073599338531494
Israel,ISR,1998,2.9189701080322266
Israel,ISR,1999,3.330080032348633
Israel,ISR,2000,3.9332900047302246
Israel,ISR,2001,4.184989929199219
Israel,ISR,2002,4.130670070648193
Israel,ISR,2003,3.8930399417877197
Israel,ISR,2004,3.8734400272369385
Israel,ISR,2005,4.048190116882324
Israel,ISR,2006,4.140970230102539
Israel,ISR,2007,4.42234992980957
Israel,ISR,2008,4.3422698974609375
Israel,ISR,2009,4.132929801940918
Israel,ISR,2010,3.9354100227355957
Israel,ISR,2011,4.01531982421875
Israel,ISR,2012,4.16146993637085
Israel,ISR,2013,4.096099853515625
Israel,ISR,2014,4.173980236053467
Israel,ISR,2015,4.265250205993652
Israel,ISR,2016,4.511769771575928
Israel,ISR,2017,4.816229820251465
Israel,ISR,2018,4.940790176391602
Italy,ITA,1996,0.945900022983551
Italy,ITA,1997,0.9876899719238281
Italy,ITA,1998,1.004870057106018
Italy,ITA,1999,0.980650007724762
Italy,ITA,2000,1.003640055656433
Italy,ITA,2001,1.0406999588012695
Italy,ITA,2002,1.0812400579452515
Italy,ITA,2003,1.058940052986145
Italy,ITA,2004,1.0502500534057617
Italy,ITA,2005,1.044350028038025
Italy,ITA,2006,1.0840100049972534
Italy,ITA,2007,1.1289900541305542
Italy,ITA,2008,1.1597199440002441
Italy,ITA,2009,1.2178699970245361
Italy,ITA,2010,1.2179700136184692
Italy,ITA,2011,1.201550006866455
Italy,ITA,2012,1.2621899843215942
Italy,ITA,2013,1.301069974899292
Italy,ITA,2014,1.3384000062942505
Italy,ITA,2015,1.3385000228881836
Italy,ITA,2016,1.366420030593872
Italy,ITA,2017,1.370129942893982
Italy,ITA,2018,1.3918100595474243
Jamaica,JAM,2001,0.04910000041127205
Jamaica,JAM,2002,0.06095999851822853
Japan,JPN,1996,2.6920599937438965
Japan,JPN,1997,2.7696800231933594
Japan,JPN,1998,2.8736300468444824
Japan,JPN,1999,2.8928298950195312
Japan,JPN,2000,2.9056899547576904
Japan,JPN,2001,2.971829891204834
Japan,JPN,2002,3.0139400959014893
Japan,JPN,2003,3.042949914932251
Japan,JPN,2004,3.029520034790039
Japan,JPN,2005,3.180989980697632
Japan,JPN,2006,3.278439998626709
Japan,JPN,2007,3.339600086212158
Japan,JPN,2008,3.3371798992156982
Japan,JPN,2009,3.2314000129699707
Japan,JPN,2010,3.137079954147339
Japan,JPN,2011,3.244770050048828
Japan,JPN,2012,3.2090799808502197
Japan,JPN,2013,3.31496000289917
Japan,JPN,2014,3.4002199172973633
Japan,JPN,2015,3.2816500663757324
Japan,JPN,2016,3.157860040664673
Japan,JPN,2017,3.207979917526245
Japan,JPN,2018,3.2751200199127197
Jordan,JOR,2002,0.33223000168800354
Jordan,JOR,2008,0.42868998646736145
Jordan,JOR,2016,0.7078099846839905
Kazakhstan,KAZ,1997,0.29337000846862793
Kazakhstan,KAZ,1998,0.22039000689983368
Kazakhstan,KAZ,1999,0.18382999300956726
Kazakhstan,KAZ,2000,0.18104000389575958
Kazakhstan,KAZ,2001,0.22009000182151794
Kazakhstan,KAZ,2002,0.25508999824523926
Kazakhstan,KAZ,2003,0.2524600028991699
Kazakhstan,KAZ,2004,0.2483700066804886
Kazakhstan,KAZ,2005,0.2836099863052368
Kazakhstan,KAZ,2006,0.24280999600887299
Kazakhstan,KAZ,2007,0.2088399976491928
Kazakhstan,KAZ,2008,0.21653999388217926
Kazakhstan,KAZ,2009,0.22924000024795532
Kazakhstan,KAZ,2010,0.15341000258922577
Kazakhstan,KAZ,2011,0.15349000692367554
Kazakhstan,KAZ,2012,0.1652500033378601
Kazakhstan,KAZ,2013,0.17132000625133514
Kazakhstan,KAZ,2014,0.16721999645233154
Kazakhstan,KAZ,2015,0.16951000690460205
Kazakhstan,KAZ,2016,0.1417900025844574
Kazakhstan,KAZ,2017,0.1266700029373169
Kazakhstan,KAZ,2018,0.1168299987912178
Kenya,KEN,2007,0.35521000623703003
Kenya,KEN,2010,0.7857699990272522
Kuwait,KWT,1997,0.20537999272346497
Kuwait,KWT,1998,0.2579599916934967
Kuwait,KWT,1999,0.19763000309467316
Kuwait,KWT,2000,0.1254200041294098
Kuwait,KWT,2001,0.17883999645709991
Kuwait,KWT,2002,0.18001000583171844
Kuwait,KWT,2003,0.14347000420093536
Kuwait,KWT,2004,0.13009999692440033
Kuwait,KWT,2005,0.10083000361919403
Kuwait,KWT,2006,0.08478999882936478
Kuwait,KWT,2007,0.08585000038146973
Kuwait,KWT,2008,0.0855100005865097
Kuwait,KWT,2009,0.11213000118732452
Kuwait,KWT,2010,0.10140000283718109
Kuwait,KWT,2011,0.09895999729633331
Kuwait,KWT,2012,0.09720999747514725
Kuwait,KWT,2013,0.30153000354766846
Kuwait,KWT,2014,0.42704999446868896
Kuwait,KWT,2015,0.0966000035405159
Kuwait,KWT,2016,0.07985000312328339
Kuwait,KWT,2017,0.0803999975323677
Kuwait,KWT,2018,0.062380000948905945
Kyrgyzstan,KGZ,1997,0.193900004029274
Kyrgyzstan,KGZ,1998,0.21063999831676483
Kyrgyzstan,KGZ,1999,0.1799200028181076
Kyrgyzstan,KGZ,2000,0.15636999905109406
Kyrgyzstan,KGZ,2001,0.1718900054693222
Kyrgyzstan,KGZ,2002,0.1981000006198883
Kyrgyzstan,KGZ,2003,0.22271999716758728
Kyrgyzstan,KGZ,2004,0.19925999641418457
Kyrgyzstan,KGZ,2005,0.19860999286174774
Kyrgyzstan,KGZ,2006,0.23014000058174133
Kyrgyzstan,KGZ,2007,0.2342499941587448
Kyrgyzstan,KGZ,2008,0.19017000496387482
Kyrgyzstan,KGZ,2009,0.1599700003862381
Kyrgyzstan,KGZ,2010,0.15546999871730804
Kyrgyzstan,KGZ,2011,0.15633000433444977
Kyrgyzstan,KGZ,2012,0.16609999537467957
Kyrgyzstan,KGZ,2013,0.14914000034332275
Kyrgyzstan,KGZ,2014,0.12535999715328217
Kyrgyzstan,KGZ,2015,0.11902999877929688
Kyrgyzstan,KGZ,2016,0.11121000349521637
Kyrgyzstan,KGZ,2017,0.10706999897956848
Kyrgyzstan,KGZ,2018,0.10107000172138214
Laos,LAO,2002,0.03709999844431877
Latin America and Caribbean,,2000,0.5676307082176208
Latin America and Caribbean,,2001,0.542050302028656
Latin America and Caribbean,,2002,0.5259889364242554
Latin America and Caribbean,,2003,0.5615596771240234
Latin America and Caribbean,,2004,0.5658588409423828
Latin America and Caribbean,,2005,0.5923203825950623
Latin America and Caribbean,,2006,0.5901007652282715
Latin America and Caribbean,,2007,0.627263069152832
Latin America and Caribbean,,2008,0.6744589805603027
Latin America and Caribbean,,2009,0.6993343830108643
Latin America and Caribbean,,2010,0.739698588848114
Latin America and Caribbean,,2011,0.7145301103591919
Latin America and Caribbean,,2012,0.6875044107437134
Latin America and Caribbean,,2013,0.7136695384979248
Latin America and Caribbean,,2014,0.7431339621543884
Latin America and Caribbean,,2015,0.7534003853797913
Latin America and Caribbean,,2016,0.7198922038078308
Latin America and Caribbean,,2017,0.6471577882766724
Latin America and Caribbean,,2018,0.6704741716384888
Latvia,LVA,1996,0.39844000339508057
Latvia,LVA,1997,0.36737000942230225
Latvia,LVA,1998,0.3803099989891052
Latvia,LVA,1999,0.3525699973106384
Latvia,LVA,2000,0.4361799955368042
Latvia,LVA,2001,0.4039599895477295
Latvia,LVA,2002,0.4095900058746338
Latvia,LVA,2003,0.36052998900413513
Latvia,LVA,2004,0.40062999725341797
Latvia,LVA,2005,0.5299999713897705
Latvia,LVA,2006,0.6509400010108948
Latvia,LVA,2007,0.553849995136261
Latvia,LVA,2008,0.5803800225257874
Latvia,LVA,2009,0.45131000876426697
Latvia,LVA,2010,0.609790027141571
Latvia,LVA,2011,0.6960600018501282
Latvia,LVA,2012,0.6630499958992004
Latvia,LVA,2013,0.6117600202560425
Latvia,LVA,2014,0.6882500052452087
Latvia,LVA,2015,0.623520016670227
Latvia,LVA,2016,0.4403199851512909
Latvia,LVA,2017,0.5145900249481201
Latvia,LVA,2018,0.6408299803733826
Lesotho,LSO,2002,0.041850000619888306
Lesotho,LSO,2003,0.04295000061392784
Lesotho,LSO,2004,0.055319998413324356
Lesotho,LSO,2009,0.02857000008225441
Lesotho,LSO,2011,0.012350000441074371
Lesotho,LSO,2015,0.05073999986052513
Lithuania,LTU,1996,0.4915499985218048
Lithuania,LTU,1997,0.5365800261497498
Lithuania,LTU,1998,0.5437700152397156
Lithuania,LTU,1999,0.5019999742507935
Lithuania,LTU,2000,0.5848000049591064
Lithuania,LTU,2001,0.6667900085449219
Lithuania,LTU,2002,0.6567000150680542
Lithuania,LTU,2003,0.6633899807929993
Lithuania,LTU,2004,0.7506600022315979
Lithuania,LTU,2005,0.747409999370575
Lithuania,LTU,2006,0.7911900281906128
Lithuania,LTU,2007,0.8009300231933594
Lithuania,LTU,2008,0.7884399890899658
Lithuania,LTU,2009,0.8296700119972229
Lithuania,LTU,2010,0.7854999899864197
Lithuania,LTU,2011,0.9050999879837036
Lithuania,LTU,2012,0.8951500058174133
Lithuania,LTU,2013,0.9502000212669373
Lithuania,LTU,2014,1.0311399698257446
Lithuania,LTU,2015,1.0440800189971924
Lithuania,LTU,2016,0.8423299789428711
Lithuania,LTU,2017,0.8964099884033203
Lithuania,LTU,2018,0.9418100118637085
Low and middle income,,2000,0.6428573727607727
Low and middle income,,2001,0.6734364628791809
Low and middle income,,2002,0.7222424149513245
Low and middle income,,2003,0.7760446667671204
Low and middle income,,2004,0.8021665811538696
Low and middle income,,2005,0.8391811847686768
Low and middle income,,2006,0.8791341781616211
Low and middle income,,2007,0.8928207755088806
Low and middle income,,2008,0.961439311504364
Low and middle income,,2009,1.040825366973877
Low and middle income,,2010,1.1117527484893799
Low and middle income,,2011,1.1218534708023071
Low and middle income,,2012,1.222027063369751
Low and middle income,,2013,1.1962038278579712
Low and middle income,,2014,1.3285958766937256
Low and middle income,,2015,1.351825475692749
Low and middle income,,2016,1.3770077228546143
Low and middle income,,2017,1.339734673500061
Low and middle income,,2018,1.4576870203018188
Lower middle income,,2009,0.5184617638587952
Lower middle income,,2013,0.44437503814697266
Lower middle income,,2017,0.5327827334403992
Luxembourg,LUX,2000,1.5767300128936768
Luxembourg,LUX,2003,1.6259499788284302
Luxembourg,LUX,2004,1.602620005607605
Luxembourg,LUX,2005,1.5717099905014038
Luxembourg,LUX,2006,1.6667399406433105
Luxembourg,LUX,2007,1.591230034828186
Luxembourg,LUX,2008,1.6229300498962402
Luxembourg,LUX,2009,1.6775000095367432
Luxembourg,LUX,2010,1.5025700330734253
Luxembourg,LUX,2011,1.4627699851989746
Luxembourg,LUX,2012,1.272670030593872
Luxembourg,LUX,2013,1.3026599884033203
Luxembourg,LUX,2014,1.2640399932861328
Luxembourg,LUX,2015,1.2720400094985962
Luxembourg,LUX,2016,1.2583099603652954
Luxembourg,LUX,2017,1.2685199975967407
Luxembourg,LUX,2018,1.2112599611282349
Macao,MAC,2001,0.06267999857664108
Macao,MAC,2002,0.07004000246524811
Macao,MAC,2003,0.06283000111579895
Macao,MAC,2004,0.05372999981045723
Macao,MAC,2005,0.08809000253677368
Macao,MAC,2006,0.08337000012397766
Macao,MAC,2007,0.05714999884366989
Macao,MAC,2008,0.10159000009298325
Macao,MAC,2009,0.05435999855399132
Macao,MAC,2010,0.05033000186085701
Macao,MAC,2011,0.044440001249313354
Macao,MAC,2012,0.04806999862194061
Macao,MAC,2013,0.05115000158548355
Macao,MAC,2014,0.08704999834299088
Macao,MAC,2015,0.13553999364376068
Macao,MAC,2016,0.2332800030708313
Macao,MAC,2017,0.1708499938249588
Macao,MAC,2018,0.20151999592781067
Madagascar,MDG,1997,0.18324999511241913
Madagascar,MDG,1998,0.09380000084638596
Madagascar,MDG,1999,0.08342000097036362
Madagascar,MDG,2000,0.1003199964761734
Madagascar,MDG,2001,0.18174999952316284
Madagascar,MDG,2002,0.20172999799251556
Madagascar,MDG,2003,0.2906999886035919
Madagascar,MDG,2004,0.19259999692440033
Madagascar,MDG,2005,0.15095999836921692
Madagascar,MDG,2006,0.14119000732898712
Madagascar,MDG,2007,0.12090999633073807
Madagascar,MDG,2008,0.11764000356197357
Madagascar,MDG,2009,0.13053999841213226
Madagascar,MDG,2010,0.09903000295162201
Madagascar,MDG,2011,0.09066999703645706
Madagascar,MDG,2014,0.013209999538958073
Madagascar,MDG,2016,0.012640000320971012
Madagascar,MDG,2017,0.012749999761581421
Malaysia,MYS,1996,0.21645000576972961
Malaysia,MYS,1998,0.39789000153541565
Malaysia,MYS,2000,0.4689899981021881
Malaysia,MYS,2002,0.6525400280952454
Malaysia,MYS,2004,0.5999000072479248
Malaysia,MYS,2006,0.6110600233078003
Malaysia,MYS,2008,0.7884699702262878
Malaysia,MYS,2009,1.010010004043579
Malaysia,MYS,2010,1.036080002784729
Malaysia,MYS,2011,1.0334199666976929
Malaysia,MYS,2012,1.0926899909973145
Malaysia,MYS,2014,1.2627500295639038
Malaysia,MYS,2015,1.2794500589370728
Malaysia,MYS,2016,1.4151699542999268
Malaysia,MYS,2018,1.0408600568771362
Mali,MLI,2007,0.21854999661445618
Mali,MLI,2010,0.5835999846458435
Mali,MLI,2015,0.3146199882030487
Mali,MLI,2017,0.2917900085449219
Malta,MLT,2002,0.2503899931907654
Malta,MLT,2003,0.23885999619960785
Malta,MLT,2004,0.4940600097179413
Malta,MLT,2005,0.5292099714279175
Malta,MLT,2006,0.5802500247955322
Malta,MLT,2007,0.5485000014305115
Malta,MLT,2008,0.5333099961280823
Malta,MLT,2009,0.5174000263214111
Malta,MLT,2010,0.6066700220108032
Malta,MLT,2011,0.6736999750137329
Malta,MLT,2012,0.8267499804496765
Malta,MLT,2013,0.7724800109863281
Malta,MLT,2014,0.7116100192070007
Malta,MLT,2015,0.7425299882888794
Malta,MLT,2016,0.5677800178527832
Malta,MLT,2017,0.5842400193214417
Malta,MLT,2018,0.5724599957466125
Mauritania,MRT,2018,0.010809999890625477
Mauritius,MUS,1997,0.2789900004863739
Mauritius,MUS,1998,0.2617799937725067
Mauritius,MUS,1999,0.31007999181747437
Mauritius,MUS,2000,0.28402000665664673
Mauritius,MUS,2001,0.36256998777389526
Mauritius,MUS,2002,0.3680500090122223
Mauritius,MUS,2003,0.32603999972343445
Mauritius,MUS,2004,0.3681800067424774
Mauritius,MUS,2005,0.36052998900413513
Mauritius,MUS,2012,0.177729994058609
Mauritius,MUS,2017,0.36636000871658325
Mauritius,MUS,2018,0.3469099998474121
Mexico,MEX,1996,0.2506699860095978
Mexico,MEX,1997,0.27619999647140503
Mexico,MEX,1998,0.3019599914550781
Mexico,MEX,1999,0.3440999984741211
Mexico,MEX,2000,0.30612999200820923
Mexico,MEX,2001,0.324180006980896
Mexico,MEX,2002,0.35429999232292175
Mexico,MEX,2003,0.3931399881839752
Mexico,MEX,2004,0.38815999031066895
Mexico,MEX,2005,0.39844000339508057
Mexico,MEX,2006,0.36921998858451843
Mexico,MEX,2007,0.3983300030231476
Mexico,MEX,2008,0.44387000799179077
Mexico,MEX,2009,0.47953999042510986
Mexico,MEX,2010,0.4948500096797943
Mexico,MEX,2011,0.4712899923324585
Mexico,MEX,2012,0.420960009098053
Mexico,MEX,2013,0.425029993057251
Mexico,MEX,2014,0.4354900121688843
Mexico,MEX,2015,0.42985999584198
Mexico,MEX,2016,0.38798001408576965
Mexico,MEX,2017,0.3284299969673157
Mexico,MEX,2018,0.3129099905490875
Middle East and North Africa,,2012,0.9325188994407654
Middle income,,2000,0.6438085436820984
Middle income,,2001,0.6749841570854187
Middle income,,2002,0.7250509262084961
Middle income,,2003,0.7792721390724182
Middle income,,2004,0.8064875602722168
Middle income,,2005,0.845371663570404
Middle income,,2006,0.8819112181663513
Middle income,,2007,0.8971108794212341
Middle income,,2008,0.9653244018554688
Middle income,,2009,1.0446970462799072
Middle income,,2010,1.1161725521087646
Middle income,,2011,1.12250554561615
Middle income,,2012,1.2223318815231323
Middle income,,2013,1.1973605155944824
Middle income,,2014,1.3318042755126953
Middle income,,2015,1.3555692434310913
Middle income,,2016,1.3784284591674805
Middle income,,2017,1.3446599245071411
Middle income,,2018,1.457906723022461
Moldova,MDA,1996,0.8729599714279175
Moldova,MDA,1997,0.8067899942398071
Moldova,MDA,2003,0.32405000925064087
Moldova,MDA,2004,0.3490299880504608
Moldova,MDA,2005,0.39864999055862427
Moldova,MDA,2006,0.4062199890613556
Moldova,MDA,2007,0.5455700159072876
Moldova,MDA,2008,0.5346300005912781
Moldova,MDA,2009,0.5255699753761292
Moldova,MDA,2010,0.36649999022483826
Moldova,MDA,2011,0.3376399874687195
Moldova,MDA,2012,0.3490700125694275
Moldova,MDA,2013,0.2978299856185913
Moldova,MDA,2014,0.3110499978065491
Moldova,MDA,2015,0.30943000316619873
Moldova,MDA,2016,0.2768999934196472
Moldova,MDA,2017,0.25374001264572144
Moldova,MDA,2018,0.2516799867153168
Monaco,MCO,2004,0.03719000145792961
Monaco,MCO,2005,0.03821000084280968
Mongolia,MNG,1997,0.1678600013256073
Mongolia,MNG,1998,0.16642999649047852
Mongolia,MNG,1999,0.15015999972820282
Mongolia,MNG,2000,0.1875700056552887
Mongolia,MNG,2001,0.2674899995326996
Mongolia,MNG,2002,0.2517299950122833
Mongolia,MNG,2003,0.251800000667572
Mongolia,MNG,2004,0.267769992351532
Mongolia,MNG,2005,0.2377600073814392
Mongolia,MNG,2006,0.19121000170707703
Mongolia,MNG,2007,0.23826999962329865
Mongolia,MNG,2008,0.33667001128196716
Mongolia,MNG,2009,0.3047800064086914
Mongolia,MNG,2010,0.24437999725341797
Mongolia,MNG,2011,0.23054000735282898
Mongolia,MNG,2012,0.23913000524044037
Mongolia,MNG,2013,0.23246000707149506
Mongolia,MNG,2014,0.22339999675750732
Mongolia,MNG,2015,0.15467999875545502
Mongolia,MNG,2016,0.18336999416351318
Mongolia,MNG,2017,0.13484999537467957
Mongolia,MNG,2018,0.10215000063180923
Montenegro,MNE,2003,0.7977200150489807
Montenegro,MNE,2004,1.0187400579452515
Montenegro,MNE,2005,0.9244300127029419
Montenegro,MNE,2006,1.2299100160598755
Montenegro,MNE,2007,1.1452100276947021
Montenegro,MNE,2011,0.31485000252723694
Montenegro,MNE,2013,0.3743099868297577
Montenegro,MNE,2014,0.36320000886917114
Montenegro,MNE,2015,0.37400001287460327
Montenegro,MNE,2016,0.32453998923301697
Montenegro,MNE,2017,0.34898000955581665
Montenegro,MNE,2018,0.3641499876976013
Morocco,MAR,1998,0.27340999245643616
Morocco,MAR,2001,0.6068199872970581
Morocco,MAR,2002,0.5258600115776062
Morocco,MAR,2003,0.6307100057601929
Morocco,MAR,2006,0.6078900098800659
Morocco,MAR,2010,0.7145400047302246
Mozambique,MOZ,2002,0.3767099976539612
Mozambique,MOZ,2006,0.41335999965667725
Mozambique,MOZ,2008,0.1398099958896637
Mozambique,MOZ,2010,0.38694998621940613
Mozambique,MOZ,2015,0.3131200075149536
Myanmar,MMR,1997,0.059849999845027924
Myanmar,MMR,1998,0.034170001745224
Myanmar,MMR,1999,0.04405999928712845
Myanmar,MMR,2000,0.11305999755859375
Myanmar,MMR,2001,0.07143999636173248
Myanmar,MMR,2002,0.1621599942445755
Myanmar,MMR,2017,0.031050000339746475
Namibia,NAM,2010,0.1416500061750412
Namibia,NAM,2014,0.3520900011062622
Nepal,NPL,2008,0.05438999831676483
Nepal,NPL,2009,0.2592400014400482
Nepal,NPL,2010,0.30219998955726624
Netherlands,NLD,1996,1.8409299850463867
Netherlands,NLD,1997,1.8447699546813965
Netherlands,NLD,1998,1.7420599460601807
Netherlands,NLD,1999,1.8228199481964111
Netherlands,NLD,2000,1.7898000478744507
Netherlands,NLD,2001,1.796090006828308
Netherlands,NLD,2002,1.7454299926757812
Netherlands,NLD,2003,1.7839000225067139
Netherlands,NLD,2004,1.7890100479125977
Netherlands,NLD,2005,1.7738800048828125
Netherlands,NLD,2006,1.7406699657440186
Netherlands,NLD,2007,1.670300006866455
Netherlands,NLD,2008,1.622689962387085
Netherlands,NLD,2009,1.6656999588012695
Netherlands,NLD,2010,1.7040400505065918
Netherlands,NLD,2011,1.881309986114502
Netherlands,NLD,2012,1.9162700176239014
Netherlands,NLD,2013,1.9298700094223022
Netherlands,NLD,2014,1.9756799936294556
Netherlands,NLD,2015,1.9848699569702148
Netherlands,NLD,2016,1.9968500137329102
Netherlands,NLD,2017,1.9830800294876099
Netherlands,NLD,2018,2.1637399196624756
New Zealand,NZL,1997,1.0564899444580078
New Zealand,NZL,1999,0.9638699889183044
New Zealand,NZL,2001,1.1002899408340454
New Zealand,NZL,2003,1.1489100456237793
New Zealand,NZL,2005,1.1204299926757812
New Zealand,NZL,2007,1.1565300226211548
New Zealand,NZL,2009,1.2523000240325928
New Zealand,NZL,2011,1.2306499481201172
New Zealand,NZL,2013,1.153749942779541
New Zealand,NZL,2015,1.232300043106079
New Zealand,NZL,2017,1.3469200134277344
Nicaragua,NIC,1997,0.06509999930858612
Nicaragua,NIC,2002,0.034929998219013214
Nicaragua,NIC,2011,0.08343999832868576
Nicaragua,NIC,2012,0.1044899970293045
Nicaragua,NIC,2013,0.10283999890089035
Nicaragua,NIC,2014,0.08935000002384186
Nicaragua,NIC,2015,0.10741999745368958
Nigeria,NGA,2007,0.1322299987077713
North America,,1996,2.3894846439361572
North America,,1997,2.418025255203247
North America,,1998,2.4525163173675537
North America,,1999,2.497413396835327
North America,,2000,2.5770418643951416
North America,,2001,2.6078293323516846
North America,,2002,2.5215086936950684
North America,,2003,2.521796941757202
North America,,2004,2.4637930393218994
North America,,2005,2.472440719604492
North America,,2006,2.504558563232422
North America,,2007,2.563891649246216
North America,,2008,2.6801974773406982
North America,,2009,2.7342844009399414
North America,,2010,2.646221876144409
North America,,2011,2.663639545440674
North America,,2012,2.588602304458618
North America,,2013,2.609353542327881
North America,,2014,2.6245644092559814
North America,,2015,2.6360743045806885
North America,,2016,2.6836133003234863
North America,,2017,2.728025197982788
North America,,2018,2.733937978744507
North Macedonia,MKD,1997,0.3591099977493286
North Macedonia,MKD,1998,0.40841999650001526
North Macedonia,MKD,1999,0.32809001207351685
North Macedonia,MKD,2000,0.41887998580932617
North Macedonia,MKD,2001,0.2930999994277954
North Macedonia,MKD,2002,0.244609996676445
North Macedonia,MKD,2003,0.21063999831676483
North Macedonia,MKD,2004,0.23237000405788422
North Macedonia,MKD,2005,0.22824999690055847
North Macedonia,MKD,2006,0.19372999668121338
North Macedonia,MKD,2007,0.17092999815940857
North Macedonia,MKD,2008,0.223580002784729
North Macedonia,MKD,2009,0.19678999483585358
North Macedonia,MKD,2010,0.21634000539779663
North Macedonia,MKD,2011,0.22276000678539276
North Macedonia,MKD,2012,0.3267599940299988
North Macedonia,MKD,2013,0.43893998861312866
North Macedonia,MKD,2014,0.5164600014686584
North Macedonia,MKD,2015,0.44411998987197876
North Macedonia,MKD,2016,0.43584999442100525
North Macedonia,MKD,2017,0.3543899953365326
North Macedonia,MKD,2018,0.365229994058609
Norway,NOR,1997,1.593500018119812
Norway,NOR,1999,1.6053500175476074
Norway,NOR,2001,1.5625900030136108
Norway,NOR,2002,1.629699945449829
Norway,NOR,2003,1.6795799732208252
Norway,NOR,2004,1.544160008430481
Norway,NOR,2005,1.48239004611969
Norway,NOR,2006,1.4553200006484985
Norway,NOR,2007,1.5645699501037598
Norway,NOR,2008,1.554479956626892
Norway,NOR,2009,1.7247200012207031
Norway,NOR,2010,1.6499899625778198
Norway,NOR,2011,1.627120018005371
Norway,NOR,2012,1.6208699941635132
Norway,NOR,2013,1.6523799896240234
Norway,NOR,2014,1.7150599956512451
Norway,NOR,2015,1.9352600574493408
Norway,NOR,2016,2.044600009918213
Norway,NOR,2017,2.0991899967193604
Norway,NOR,2018,2.0726399421691895
Oman,OMN,2011,0.1362999975681305
Oman,OMN,2012,0.20857000350952148
Oman,OMN,2013,0.1695600003004074
Oman,OMN,2014,0.2125300019979477
Oman,OMN,2015,0.2516300082206726
Oman,OMN,2016,0.26034000515937805
Oman,OMN,2017,0.22819000482559204
Oman,OMN,2018,0.21966999769210815
Pakistan,PAK,1997,0.15565000474452972
Pakistan,PAK,1998,0.10919000208377838
Pakistan,PAK,1999,0.11590000241994858
Pakistan,PAK,2000,0.11565999686717987
Pakistan,PAK,2001,0.15164999663829803
Pakistan,PAK,2002,0.1988700032234192
Pakistan,PAK,2005,0.3984900116920471
Pakistan,PAK,2007,0.6324999928474426
Pakistan,PAK,2009,0.448060005903244
Pakistan,PAK,2011,0.32916998863220215
Pakistan,PAK,2013,0.29284998774528503
Pakistan,PAK,2015,0.24605000019073486
Pakistan,PAK,2017,0.2362699955701828
Palestine,PSE,2007,0.20833000540733337
Palestine,PSE,2008,0.1633799970149994
Palestine,PSE,2009,0.3965499997138977
Palestine,PSE,2010,0.3927299976348877
Palestine,PSE,2013,0.49219998717308044
Panama,PAN,1996,0.3100999891757965
Panama,PAN,1997,0.2991099953651428
Panama,PAN,1998,0.2692199945449829
Panama,PAN,1999,0.27204999327659607
Panama,PAN,2000,0.36263999342918396
Panama,PAN,2001,0.3607400059700012
Panama,PAN,2002,0.34220001101493835
Panama,PAN,2003,0.3210900127887726
Panama,PAN,2004,0.22645999491214752
Panama,PAN,2005,0.23183000087738037
Panama,PAN,2006,0.2353699952363968
Panama,PAN,2007,0.18172000348567963
Panama,PAN,2008,0.19065000116825104
Panama,PAN,2009,0.13210000097751617
Panama,PAN,2010,0.14452999830245972
Panama,PAN,2011,0.1730400025844574
Panama,PAN,2012,0.07534000277519226
Panama,PAN,2013,0.062059998512268066
Panama,PAN,2014,0.14052000641822815
Panama,PAN,2015,0.12032999843358994
Panama,PAN,2016,0.14494000375270844
Panama,PAN,2017,0.1471399962902069
Papua New Guinea,PNG,2016,0.03158000111579895
Paraguay,PRY,2001,0.06699000298976898
Paraguay,PRY,2002,0.07492999732494354
Paraguay,PRY,2003,0.06134999915957451
Paraguay,PRY,2004,0.06066000089049339
Paraguay,PRY,2005,0.060910001397132874
Paraguay,PRY,2008,0.041200000792741776
Paraguay,PRY,2011,0.04221000149846077
Paraguay,PRY,2012,0.06515000015497208
Paraguay,PRY,2013,0.0714699998497963
Paraguay,PRY,2014,0.07920999825000763
Paraguay,PRY,2015,0.09686999768018723
Paraguay,PRY,2016,0.11687999963760376
Paraguay,PRY,2017,0.14882999658584595
Paraguay,PRY,2018,0.14625999331474304
Peru,PER,1997,0.0835999995470047
Peru,PER,1998,0.10072000324726105
Peru,PER,1999,0.09848999977111816
Peru,PER,2000,0.1126599982380867
Peru,PER,2001,0.11095999926328659
Peru,PER,2002,0.10614000260829926
Peru,PER,2003,0.10813000053167343
Peru,PER,2004,0.15578000247478485
Peru,PER,2011,0.08281999826431274
Peru,PER,2012,0.05530000105500221
Peru,PER,2013,0.08173999935388565
Peru,PER,2014,0.10805000364780426
Peru,PER,2015,0.11702000349760056
Peru,PER,2016,0.12008000165224075
Peru,PER,2017,0.12084999680519104
Peru,PER,2018,0.12714999914169312
Philippines,PHL,2002,0.13263000547885895
Philippines,PHL,2003,0.12526999413967133
Philippines,PHL,2005,0.10691999644041061
Philippines,PHL,2007,0.1049799993634224
Philippines,PHL,2009,0.1090100035071373
Philippines,PHL,2011,0.11221999675035477
Philippines,PHL,2013,0.13207000494003296
Philippines,PHL,2015,0.15682999789714813
Poland,POL,1996,0.6403700113296509
Poland,POL,1997,0.6441199779510498
Poland,POL,1998,0.660830020904541
Poland,POL,1999,0.6818000078201294
Poland,POL,2000,0.6420199871063232
Poland,POL,2001,0.6228399872779846
Poland,POL,2002,0.5578500032424927
Poland,POL,2003,0.5388399958610535
Poland,POL,2004,0.5525100231170654
Poland,POL,2005,0.5628200173377991
Poland,POL,2006,0.550819993019104
Poland,POL,2007,0.5618900060653687
Poland,POL,2008,0.5992100238800049
Poland,POL,2009,0.6609699726104736
Poland,POL,2010,0.7207000255584717
Poland,POL,2011,0.7458800077438354
Poland,POL,2012,0.8808599710464478
Poland,POL,2013,0.8705300092697144
Poland,POL,2014,0.9397799968719482
Poland,POL,2015,1.0032399892807007
Poland,POL,2016,0.9640799760818481
Poland,POL,2017,1.0344300270080566
Poland,POL,2018,1.209529995918274
Portugal,PRT,1996,0.5494999885559082
Portugal,PRT,1997,0.5637400150299072
Portugal,PRT,1998,0.6248599886894226
Portugal,PRT,1999,0.6812099814414978
Portugal,PRT,2000,0.721560001373291
Portugal,PRT,2001,0.7648199796676636
Portugal,PRT,2002,0.7218300104141235
Portugal,PRT,2003,0.6980199813842773
Portugal,PRT,2004,0.7293000221252441
Portugal,PRT,2005,0.7575500011444092
Portugal,PRT,2006,0.954479992389679
Portugal,PRT,2007,1.124169945716858
Portugal,PRT,2008,1.4433499574661255
Portugal,PRT,2009,1.5800100564956665
Portugal,PRT,2010,1.535290002822876
Portugal,PRT,2011,1.4574099779129028
Portugal,PRT,2012,1.3786100149154663
Portugal,PRT,2013,1.324679970741272
Portugal,PRT,2014,1.2899199724197388
Portugal,PRT,2015,1.243299961090088
Portugal,PRT,2016,1.280750036239624
Portugal,PRT,2017,1.3192800283432007
Portugal,PRT,2018,1.3475300073623657
Puerto Rico,PRI,2009,0.45131000876426697
Puerto Rico,PRI,2013,0.43858999013900757
Puerto Rico,PRI,2015,0.42882999777793884
Qatar,QAT,2012,0.47859999537467957
Qatar,QAT,2015,0.5188300013542175
Qatar,QAT,2018,0.5090100169181824
Romania,ROU,1996,0.6747199892997742
Romania,ROU,1997,0.5745099782943726
Romania,ROU,1998,0.4954099953174591
Romania,ROU,1999,0.3983199894428253
Romania,ROU,2000,0.36625999212265015
Romania,ROU,2001,0.39129000902175903
Romania,ROU,2002,0.37720999121665955
Romania,ROU,2003,0.3970800042152405
Romania,ROU,2004,0.3894200026988983
Romania,ROU,2005,0.41262000799179077
Romania,ROU,2006,0.456820011138916
Romania,ROU,2007,0.5114799737930298
Romania,ROU,2008,0.5521500110626221
Romania,ROU,2009,0.44394999742507935
Romania,ROU,2010,0.45688000321388245
Romania,ROU,2011,0.4983200132846832
Romania,ROU,2012,0.4838300049304962
Romania,ROU,2013,0.38787001371383667
Romania,ROU,2014,0.38225001096725464
Romania,ROU,2015,0.4879299998283386
Romania,ROU,2016,0.4803299903869629
Romania,ROU,2017,0.5032200217247009
Romania,ROU,2018,0.5007699728012085
Russia,RUS,1996,0.9659199714660645
Russia,RUS,1997,1.0437400341033936
Russia,RUS,1998,0.9538300037384033
Russia,RUS,1999,0.9962300062179565
Russia,RUS,2000,1.0498299598693848
Russia,RUS,2001,1.1769399642944336
Russia,RUS,2002,1.2465200424194336
Russia,RUS,2003,1.2860300540924072
Russia,RUS,2004,1.1513299942016602
Russia,RUS,2005,1.0679700374603271
Russia,RUS,2006,1.0729399919509888
Russia,RUS,2007,1.1161099672317505
Russia,RUS,2008,1.044350028038025
Russia,RUS,2009,1.2519199848175049
Russia,RUS,2010,1.1302000284194946
Russia,RUS,2011,1.0154500007629395
Russia,RUS,2012,1.0276600122451782
Russia,RUS,2013,1.0273200273513794
Russia,RUS,2014,1.072409987449646
Russia,RUS,2015,1.100849986076355
Russia,RUS,2016,1.1023800373077393
Russia,RUS,2017,1.1096700429916382
Russia,RUS,2018,0.9827499985694885
Rwanda,RWA,2016,0.64656001329422
Saint Lucia,LCA,1998,0.5739499926567078
Saint Lucia,LCA,1999,0.2737399935722351
Saint Vincent and the Grenadines,VCT,2001,0.043060000985860825
Saint Vincent and the Grenadines,VCT,2002,0.12027999758720398
Saudi Arabia,SAU,2003,0.06233000010251999
Saudi Arabia,SAU,2004,0.0531499981880188
Saudi Arabia,SAU,2005,0.04230000078678131
Saudi Arabia,SAU,2006,0.04244999960064888
Saudi Arabia,SAU,2007,0.04521000012755394
Saudi Arabia,SAU,2008,0.04901999980211258
Saudi Arabia,SAU,2009,0.0733800008893013
Saudi Arabia,SAU,2010,0.8840000033378601
Saudi Arabia,SAU,2011,0.8978400230407715
Saudi Arabia,SAU,2012,0.8768399953842163
Saudi Arabia,SAU,2013,0.8151599764823914
Senegal,SEN,2008,0.29089999198913574
Senegal,SEN,2010,0.43136999011039734
Senegal,SEN,2015,0.5771999955177307
Serbia,SRB,1997,0.7091500163078308
Serbia,SRB,1998,0.7530099749565125
Serbia,SRB,1999,0.9468200206756592
Serbia,SRB,2000,0.8542400002479553
Serbia,SRB,2001,0.3040100038051605
Serbia,SRB,2002,0.639680027961731
Serbia,SRB,2003,0.4913800060749054
Serbia,SRB,2004,0.2895300090312958
Serbia,SRB,2005,0.3953000009059906
Serbia,SRB,2006,0.43985000252723694
Serbia,SRB,2007,0.5787699818611145
Serbia,SRB,2008,0.6696599721908569
Serbia,SRB,2009,0.817300021648407
Serbia,SRB,2010,0.7022799849510193
Serbia,SRB,2011,0.6833400130271912
Serbia,SRB,2012,0.85316002368927
Serbia,SRB,2013,0.6836699843406677
Serbia,SRB,2014,0.7230899930000305
Serbia,SRB,2015,0.811460018157959
Serbia,SRB,2016,0.8395100235939026
Serbia,SRB,2017,0.8735299706459045
Serbia,SRB,2018,0.919700026512146
Seychelles,SYC,2001,0.42524999380111694
Seychelles,SYC,2002,0.40707001090049744
Seychelles,SYC,2003,0.41183000802993774
Seychelles,SYC,2004,0.34657999873161316
Seychelles,SYC,2005,0.30208998918533325
Seychelles,SYC,2016,0.22175000607967377
Singapore,SGP,1996,1.3199100494384766
Singapore,SGP,1997,1.4156399965286255
Singapore,SGP,1998,1.7370699644088745
Singapore,SGP,1999,1.8162399530410767
Singapore,SGP,2000,1.8169900178909302
Singapore,SGP,2001,2.009310007095337
Singapore,SGP,2002,2.032819986343384
Singapore,SGP,2003,1.9967900514602661
Singapore,SGP,2004,2.078589916229248
Singapore,SGP,2005,2.1481199264526367
Singapore,SGP,2006,2.116610050201416
Singapore,SGP,2007,2.3198800086975098
Singapore,SGP,2008,2.5967400074005127
Singapore,SGP,2009,2.129240036010742
Singapore,SGP,2010,1.9313700199127197
Singapore,SGP,2011,2.070650100708008
Singapore,SGP,2012,1.9193899631500244
Singapore,SGP,2013,1.9233499765396118
Singapore,SGP,2014,2.0846400260925293
Singapore,SGP,2015,2.1819798946380615
Singapore,SGP,2016,2.0762898921966553
Singapore,SGP,2017,1.924649953842163
Slovakia,SVK,1996,0.8896300196647644
Slovakia,SVK,1997,1.0510799884796143
Slovakia,SVK,1998,0.7654100060462952
Slovakia,SVK,1999,0.6447499990463257
Slovakia,SVK,2000,0.6380599737167358
Slovakia,SVK,2001,0.6246500015258789
Slovakia,SVK,2002,0.5631399750709534
Slovakia,SVK,2003,0.561460018157959
Slovakia,SVK,2004,0.5006899833679199
Slovakia,SVK,2005,0.4933199882507324
Slovakia,SVK,2006,0.47488000988960266
Slovakia,SVK,2007,0.44745999574661255
Slovakia,SVK,2008,0.46136999130249023
Slovakia,SVK,2009,0.4727199971675873
Slovakia,SVK,2010,0.6114699840545654
Slovakia,SVK,2011,0.6577900052070618
Slovakia,SVK,2012,0.7964000105857849
Slovakia,SVK,2013,0.8215699791908264
Slovakia,SVK,2014,0.8781399726867676
Slovakia,SVK,2015,1.162600040435791
Slovakia,SVK,2016,0.7907800078392029
Slovakia,SVK,2017,0.8861200213432312
Slovakia,SVK,2018,0.8380600214004517
Slovenia,SVN,1996,1.2647299766540527
Slovenia,SVN,1997,1.2464300394058228
Slovenia,SVN,1998,1.305150032043457
Slovenia,SVN,1999,1.3368799686431885
Slovenia,SVN,2000,1.359820008277893
Slovenia,SVN,2001,1.46766996383667
Slovenia,SVN,2002,1.4432499408721924
Slovenia,SVN,2003,1.247920036315918
Slovenia,SVN,2004,1.3702600002288818
Slovenia,SVN,2005,1.4177800416946411
Slovenia,SVN,2006,1.5370500087738037
Slovenia,SVN,2007,1.4270299673080444
Slovenia,SVN,2008,1.626729965209961
Slovenia,SVN,2009,1.8118400573730469
Slovenia,SVN,2010,2.051330089569092
Slovenia,SVN,2011,2.4129700660705566
Slovenia,SVN,2012,2.560610055923462
Slovenia,SVN,2013,2.5648701190948486
Slovenia,SVN,2014,2.3654799461364746
Slovenia,SVN,2015,2.195650100708008
Slovenia,SVN,2016,2.0114500522613525
Slovenia,SVN,2017,1.8663500547409058
Slovenia,SVN,2018,1.9503899812698364
South Africa,ZAF,1997,0.5835400223731995
South Africa,ZAF,2001,0.7157800197601318
South Africa,ZAF,2003,0.7605100274085999
South Africa,ZAF,2004,0.8133400082588196
South Africa,ZAF,2005,0.8631500005722046
South Africa,ZAF,2006,0.8981500267982483
South Africa,ZAF,2007,0.8828700184822083
South Africa,ZAF,2008,0.888159990310669
South Africa,ZAF,2009,0.8356199860572815
South Africa,ZAF,2010,0.7370399832725525
South Africa,ZAF,2011,0.7345100045204163
South Africa,ZAF,2012,0.7336300015449524
South Africa,ZAF,2013,0.7248799800872803
South Africa,ZAF,2014,0.7711499929428101
South Africa,ZAF,2015,0.7984600067138672
South Africa,ZAF,2016,0.8188199996948242
South Africa,ZAF,2017,0.8321499824523926
South Asia,,1996,0.6234886646270752
South Asia,,1997,0.6173726320266724
South Asia,,1998,0.6273142695426941
South Asia,,1999,0.650724470615387
South Asia,,2000,0.6465125679969788
South Asia,,2001,0.6537052392959595
South Asia,,2002,0.6549052000045776
South Asia,,2003,0.719290018081665
South Asia,,2004,0.7406261563301086
South Asia,,2005,0.7697757482528687
South Asia,,2006,0.7863195538520813
South Asia,,2007,0.7858626246452332
South Asia,,2008,0.8264994025230408
South Asia,,2009,0.7857764363288879
South Asia,,2010,0.7628968954086304
South Asia,,2011,0.7103599905967712
South Asia,,2012,0.7439900040626526
South Asia,,2013,0.6413803100585938
South Asia,,2014,0.679050862789154
South Asia,,2015,0.6246382594108582
South Asia,,2016,0.6510768532752991
South Asia,,2017,0.6072763204574585
South Asia,,2018,0.6528199911117554
South Korea,KOR,1996,2.2161600589752197
South Korea,KOR,1997,2.248300075531006
South Korea,KOR,1998,2.110260009765625
South Korea,KOR,1999,2.01567006111145
South Korea,KOR,2000,2.125190019607544
South Korea,KOR,2001,2.2786500453948975
South Korea,KOR,2002,2.207740068435669
South Korea,KOR,2003,2.2772200107574463
South Korea,KOR,2004,2.4421401023864746
South Korea,KOR,2005,2.522900104522705
South Korea,KOR,2006,2.7193400859832764
South Korea,KOR,2007,2.872580051422119
South Korea,KOR,2008,2.9888699054718018
South Korea,KOR,2009,3.1466898918151855
South Korea,KOR,2010,3.3157799243927
South Korea,KOR,2011,3.5919899940490723
South Korea,KOR,2012,3.850399971008301
South Korea,KOR,2013,3.951240062713623
South Korea,KOR,2014,4.077859878540039
South Korea,KOR,2015,3.9781999588012695
South Korea,KOR,2016,3.9870400428771973
South Korea,KOR,2017,4.292059898376465
South Korea,KOR,2018,4.527530193328857
Spain,ESP,1996,0.7875300049781799
Spain,ESP,1997,0.7778099775314331
Spain,ESP,1998,0.848039984703064
Spain,ESP,1999,0.8385400176048279
Spain,ESP,2000,0.8827599883079529
Spain,ESP,2001,0.8883299827575684
Spain,ESP,2002,0.9597100019454956
Spain,ESP,2003,1.0237300395965576
Spain,ESP,2004,1.0408899784088135
Spain,ESP,2005,1.099560022354126
Spain,ESP,2006,1.1770199537277222
Spain,ESP,2007,1.240530014038086
Spain,ESP,2008,1.3250000476837158
Spain,ESP,2009,1.3636399507522583
Spain,ESP,2010,1.3599599599838257
Spain,ESP,2011,1.3334100246429443
Spain,ESP,2012,1.2987699508666992
Spain,ESP,2013,1.275230050086975
Spain,ESP,2014,1.2421300411224365
Spain,ESP,2015,1.2223600149154663
Spain,ESP,2016,1.1904799938201904
Spain,ESP,2017,1.2104099988937378
Spain,ESP,2018,1.2432299852371216
Sri Lanka,LKA,1996,0.18355999886989594
Sri Lanka,LKA,2000,0.14392000436782837
Sri Lanka,LKA,2004,0.18209999799728394
Sri Lanka,LKA,2006,0.17419999837875366
Sri Lanka,LKA,2008,0.11444000154733658
Sri Lanka,LKA,2010,0.13686999678611755
Sri Lanka,LKA,2013,0.10080999881029129
Sri Lanka,LKA,2014,0.09989000111818314
Sri Lanka,LKA,2015,0.10870999842882156
Sri Lanka,LKA,2016,0.12853999435901642
Sri Lanka,LKA,2017,0.12758000195026398
Sub-Saharan Africa,,2007,0.4835977852344513
Sudan,SDN,1999,0.5300700068473816
Sudan,SDN,2000,0.47277000546455383
Sudan,SDN,2001,0.4468599855899811
Sudan,SDN,2002,0.3950900137424469
Sudan,SDN,2003,0.339819997549057
Sudan,SDN,2004,0.2958599925041199
Sudan,SDN,2005,0.29844000935554504
Sweden,SWE,1997,3.273940086364746
Sweden,SWE,1999,3.381319999694824
Sweden,SWE,2001,3.873800039291382
Sweden,SWE,2003,3.579479932785034
Sweden,SWE,2004,3.3612899780273438
Sweden,SWE,2005,3.3595800399780273
Sweden,SWE,2006,3.4749999046325684
Sweden,SWE,2007,3.233829975128174
Sweden,SWE,2008,3.4699900150299072
Sweden,SWE,2009,3.395279884338379
Sweden,SWE,2010,3.1678900718688965
Sweden,SWE,2011,3.1870200634002686
Sweden,SWE,2012,3.2302498817443848
Sweden,SWE,2013,3.260420083999634
Sweden,SWE,2014,3.101840019226074
Sweden,SWE,2015,3.2190299034118652
Sweden,SWE,2016,3.2473599910736084
Sweden,SWE,2017,3.362790107727051
Sweden,SWE,2018,3.3127799034118652
Switzerland,CHE,1996,2.4485700130462646
Switzerland,CHE,2000,2.3234400749206543
Switzerland,CHE,2004,2.672689914703369
Switzerland,CHE,2008,2.7147200107574463
Switzerland,CHE,2012,3.186229944229126
Switzerland,CHE,2015,3.3715999126434326
Switzerland,CHE,2017,3.3679800033569336
Syria,SYR,2015,0.02053000032901764
Tajikistan,TJK,2001,0.08952999860048294
Tajikistan,TJK,2002,0.07067999988794327
Tajikistan,TJK,2003,0.06885000318288803
Tajikistan,TJK,2004,0.06696999818086624
Tajikistan,TJK,2005,0.09570000320672989
Tajikistan,TJK,2006,0.10732000321149826
Tajikistan,TJK,2007,0.06778000295162201
Tajikistan,TJK,2008,0.06983000040054321
Tajikistan,TJK,2009,0.08577000349760056
Tajikistan,TJK,2010,0.08913999795913696
Tajikistan,TJK,2011,0.12148000299930573
Tajikistan,TJK,2012,0.11432000249624252
Tajikistan,TJK,2013,0.11851000040769577
Tajikistan,TJK,2014,0.1162400022149086
Tajikistan,TJK,2015,0.10887999832630157
Tajikistan,TJK,2016,0.10683000087738037
Tajikistan,TJK,2017,0.11535999923944473
Tajikistan,TJK,2018,0.09702999889850616
Tanzania,TZA,2007,0.33461999893188477
Tanzania,TZA,2010,0.37307000160217285
Tanzania,TZA,2013,0.5145599842071533
Thailand,THA,1996,0.11918000131845474
Thailand,THA,1997,0.10214000195264816
Thailand,THA,1999,0.24835999310016632
Thailand,THA,2000,0.24470999836921692
Thailand,THA,2001,0.25231000781059265
Thailand,THA,2002,0.23055000603199005
Thailand,THA,2003,0.2453400045633316
Thailand,THA,2004,0.23827999830245972
Thailand,THA,2005,0.2188899964094162
Thailand,THA,2006,0.23271000385284424
Thailand,THA,2007,0.20080000162124634
Thailand,THA,2008,0.20330999791622162
Thailand,THA,2009,0.23454999923706055
Thailand,THA,2011,0.36146000027656555
Thailand,THA,2013,0.4416399896144867
Thailand,THA,2014,0.4798800051212311
Thailand,THA,2015,0.6160899996757507
Thailand,THA,2016,0.7781699895858765
Thailand,THA,2017,1.0017900466918945
Togo,TGO,2010,0.23476000130176544
Togo,TGO,2012,0.22324000298976898
Togo,TGO,2014,0.266539990901947
Trinidad and Tobago,TTO,1996,0.10324999690055847
Trinidad and Tobago,TTO,1997,0.11552999913692474
Trinidad and Tobago,TTO,1998,0.12714999914169312
Trinidad and Tobago,TTO,1999,0.12291999906301498
Trinidad and Tobago,TTO,2000,0.1080000028014183
Trinidad and Tobago,TTO,2001,0.10417000204324722
Trinidad and Tobago,TTO,2002,0.1317799985408783
Trinidad and Tobago,TTO,2003,0.11501000076532364
Trinidad and Tobago,TTO,2004,0.11440999805927277
Trinidad and Tobago,TTO,2005,0.11430999636650085
Trinidad and Tobago,TTO,2006,0.07232999801635742
Trinidad and Tobago,TTO,2007,0.059220001101493835
Trinidad and Tobago,TTO,2008,0.030719999223947525
Trinidad and Tobago,TTO,2009,0.05665000155568123
Trinidad and Tobago,TTO,2010,0.04771000146865845
Trinidad and Tobago,TTO,2011,0.04024000093340874
Trinidad and Tobago,TTO,2012,0.043779999017715454
Trinidad and Tobago,TTO,2013,0.05666999891400337
Trinidad and Tobago,TTO,2014,0.08172000199556351
Trinidad and Tobago,TTO,2015,0.08623000234365463
Trinidad and Tobago,TTO,2016,0.09183000028133392
Trinidad and Tobago,TTO,2017,0.09111999720335007
Trinidad and Tobago,TTO,2018,0.08399000018835068
Tunisia,TUN,2002,0.5430200099945068
Tunisia,TUN,2003,0.6504300236701965
Tunisia,TUN,2004,0.7309499979019165
Tunisia,TUN,2005,0.7119500041007996
Tunisia,TUN,2006,0.6772599816322327
Tunisia,TUN,2007,0.6655099987983704
Tunisia,TUN,2008,0.6394000053405762
Tunisia,TUN,2009,0.7064399719238281
Tunisia,TUN,2010,0.6902599930763245
Tunisia,TUN,2011,0.7086300253868103
Tunisia,TUN,2012,0.6820600032806396
Tunisia,TUN,2013,0.670710027217865
Tunisia,TUN,2014,0.654229998588562
Tunisia,TUN,2015,0.629360020160675
Tunisia,TUN,2016,0.6036400198936462
Tunisia,TUN,2018,0.6013200283050537
Turkey,TUR,1996,0.45159000158309937
Turkey,TUR,1997,0.4916900098323822
Turkey,TUR,1998,0.3622399866580963
Turkey,TUR,1999,0.45645999908447266
Turkey,TUR,2000,0.46783000230789185
Turkey,TUR,2001,0.5263800024986267
Turkey,TUR,2002,0.512939989566803
Turkey,TUR,2003,0.4694499969482422
Turkey,TUR,2004,0.5021499991416931
Turkey,TUR,2005,0.5693100094795227
Turkey,TUR,2006,0.5574899911880493
Turkey,TUR,2007,0.6918200254440308
Turkey,TUR,2008,0.6929200291633606
Turkey,TUR,2009,0.8094000220298767
Turkey,TUR,2010,0.7989199757575989
Turkey,TUR,2011,0.7998800277709961
Turkey,TUR,2012,0.8321700096130371
Turkey,TUR,2013,0.8182100057601929
Turkey,TUR,2014,0.8607699871063232
Turkey,TUR,2015,0.8815000057220459
Turkey,TUR,2016,0.9446399807929993
Turkey,TUR,2017,0.9597799777984619
Uganda,UGA,2002,0.3675599992275238
Uganda,UGA,2003,0.2561199963092804
Uganda,UGA,2004,0.260560005903244
Uganda,UGA,2005,0.21513999998569489
Uganda,UGA,2006,0.3003300130367279
Uganda,UGA,2007,0.3882099986076355
Uganda,UGA,2008,0.32631999254226685
Uganda,UGA,2009,0.2575500011444092
Uganda,UGA,2010,0.3628399968147278
Uganda,UGA,2014,0.14381000399589539
Ukraine,UKR,1997,1.1922999620437622
Ukraine,UKR,1998,1.0699299573898315
Ukraine,UKR,1999,0.9696800112724304
Ukraine,UKR,2000,0.9621300101280212
Ukraine,UKR,2001,1.0242899656295776
Ukraine,UKR,2002,0.9991700053215027
Ukraine,UKR,2003,1.1128699779510498
Ukraine,UKR,2004,1.0825799703598022
Ukraine,UKR,2005,1.0319700241088867
Ukraine,UKR,2006,0.949999988079071
Ukraine,UKR,2007,0.8540300130844116
Ukraine,UKR,2008,0.8472700119018555
Ukraine,UKR,2009,0.8572700023651123
Ukraine,UKR,2010,0.8334599733352661
Ukraine,UKR,2011,0.7378000020980835
Ukraine,UKR,2012,0.7516700029373169
Ukraine,UKR,2013,0.7617499828338623
Ukraine,UKR,2014,0.6503400206565857
Ukraine,UKR,2015,0.6147699952125549
Ukraine,UKR,2016,0.4833900034427643
Ukraine,UKR,2017,0.44839000701904297
Ukraine,UKR,2018,0.4710899889469147
United Arab Emirates,ARE,2011,0.48622000217437744
United Arab Emirates,ARE,2014,0.6935999989509583
United Arab Emirates,ARE,2015,0.895039975643158
United Arab Emirates,ARE,2016,0.9636600017547607
United Arab Emirates,ARE,2018,1.2783600091934204
United Kingdom,GBR,1996,1.5801700353622437
United Kingdom,GBR,1997,1.5391000509262085
United Kingdom,GBR,1998,1.551069974899292
United Kingdom,GBR,1999,1.6279200315475464
United Kingdom,GBR,2000,1.6171200275421143
United Kingdom,GBR,2001,1.6047699451446533
United Kingdom,GBR,2002,1.6149699687957764
United Kingdom,GBR,2003,1.5823899507522583
United Kingdom,GBR,2004,1.5338000059127808
United Kingdom,GBR,2005,1.5527900457382202
United Kingdom,GBR,2006,1.5731699466705322
United Kingdom,GBR,2007,1.6128900051116943
United Kingdom,GBR,2008,1.612720012664795
United Kingdom,GBR,2009,1.6712499856948853
United Kingdom,GBR,2010,1.6456400156021118
United Kingdom,GBR,2011,1.649590015411377
United Kingdom,GBR,2012,1.5771600008010864
United Kingdom,GBR,2013,1.6202800273895264
United Kingdom,GBR,2014,1.643399953842163
United Kingdom,GBR,2015,1.6498500108718872
United Kingdom,GBR,2016,1.660230040550232
United Kingdom,GBR,2017,1.6802200078964233
United Kingdom,GBR,2018,1.702739953994751
United States,USA,1996,2.450010061264038
United States,USA,1997,2.479830026626587
United States,USA,1998,2.504009962081909
United States,USA,1999,2.549649953842163
United States,USA,2000,2.6287899017333984
United States,USA,2001,2.6482999324798584
United States,USA,2002,2.5592598915100098
United States,USA,2003,2.5645499229431152
United States,USA,2004,2.502429962158203
United States,USA,2005,2.516969919204712
United States,USA,2006,2.5576400756835938
United States,USA,2007,2.6316099166870117
United States,USA,2008,2.7679100036621094
United States,USA,2009,2.812700033187866
United States,USA,2010,2.7353999614715576
United States,USA,2011,2.7652499675750732
United States,USA,2012,2.6816599369049072
United States,USA,2013,2.7097198963165283
United States,USA,2014,2.7192399501800537
United States,USA,2015,2.7174201011657715
United States,USA,2016,2.7614500522613525
United States,USA,2017,2.8174099922180176
United States,USA,2018,2.8328299522399902
United States Virgin Islands,VIR,2002,0.06603000313043594
United States Virgin Islands,VIR,2003,0.03765000030398369
United States Virgin Islands,VIR,2004,0.034219998866319656
United States Virgin Islands,VIR,2005,0.02928999997675419
United States Virgin Islands,VIR,2006,0.03108000010251999
United States Virgin Islands,VIR,2007,0.027070000767707825
Upper middle income,,1996,0.4920460879802704
Upper middle income,,1997,0.5351462960243225
Upper middle income,,1999,0.5703988075256348
Upper middle income,,2000,0.6805194616317749
Upper middle income,,2001,0.715818464756012
Upper middle income,,2002,0.7719879746437073
Upper middle income,,2003,0.8169549703598022
Upper middle income,,2004,0.8437082171440125
Upper middle income,,2005,0.8977826833724976
Upper middle income,,2006,0.9171143174171448
Upper middle income,,2007,0.9653612971305847
Upper middle income,,2008,1.008768916130066
Upper middle income,,2009,1.1831860542297363
Upper middle income,,2010,1.2194225788116455
Upper middle income,,2011,1.2105520963668823
Upper middle income,,2012,1.324934720993042
Upper middle income,,2013,1.3778834342956543
Upper middle income,,2014,1.4224884510040283
Upper middle income,,2015,1.522935390472412
Upper middle income,,2016,1.5595612525939941
Upper middle income,,2017,1.553647756576538
Upper middle income,,2018,1.6432255506515503
Uruguay,URY,1996,0.2650099992752075
Uruguay,URY,1997,0.3499400019645691
Uruguay,URY,1998,0.19186000525951385
Uruguay,URY,1999,0.2241699993610382
Uruguay,URY,2000,0.20925000309944153
Uruguay,URY,2002,0.2381799966096878
Uruguay,URY,2006,0.36539000272750854
Uruguay,URY,2007,0.42471998929977417
Uruguay,URY,2008,0.3797299861907959
Uruguay,URY,2009,0.41251999139785767
Uruguay,URY,2010,0.3411499857902527
Uruguay,URY,2011,0.34869998693466187
Uruguay,URY,2012,0.32760000228881836
Uruguay,URY,2013,0.32113000750541687
Uruguay,URY,2014,0.3357900083065033
Uruguay,URY,2015,0.3644599914550781
Uruguay,URY,2016,0.40845000743865967
Uruguay,URY,2017,0.48392999172210693
Uruguay,URY,2018,0.4186500012874603
Uzbekistan,UZB,2000,0.36063000559806824
Uzbekistan,UZB,2001,0.34544000029563904
Uzbekistan,UZB,2002,0.2935599982738495
Uzbekistan,UZB,2003,0.2682499885559082
Uzbekistan,UZB,2004,0.2704100012779236
Uzbekistan,UZB,2005,0.23740999400615692
Uzbekistan,UZB,2006,0.22394999861717224
Uzbekistan,UZB,2007,0.21720999479293823
Uzbekistan,UZB,2008,0.19354000687599182
Uzbekistan,UZB,2009,0.20315000414848328
Uzbekistan,UZB,2010,0.16449999809265137
Uzbekistan,UZB,2011,0.15841999650001526
Uzbekistan,UZB,2012,0.16459999978542328
Uzbekistan,UZB,2013,0.16439999639987946
Uzbekistan,UZB,2014,0.16171999275684357
Uzbekistan,UZB,2015,0.1737300008535385
Uzbekistan,UZB,2016,0.1815599948167801
Uzbekistan,UZB,2017,0.1556600034236908
Uzbekistan,UZB,2018,0.13003000617027283
Venezuela,VEN,2005,0.18907000124454498
Venezuela,VEN,2006,0.31742000579833984
Venezuela,VEN,2007,0.20110000669956207
Venezuela,VEN,2008,0.23803000152111053
Venezuela,VEN,2009,0.24014000594615936
Venezuela,VEN,2010,0.1882299929857254
Venezuela,VEN,2011,0.15296000242233276
Venezuela,VEN,2012,0.2500999867916107
Venezuela,VEN,2013,0.31852999329566956
Venezuela,VEN,2014,0.33713001012802124
Vietnam,VNM,2002,0.19272999465465546
Vietnam,VNM,2011,0.19043999910354614
Vietnam,VNM,2013,0.37358999252319336
Vietnam,VNM,2015,0.44113001227378845
Vietnam,VNM,2017,0.5267400145530701
World,OWID_WRL,1996,1.974266529083252
World,OWID_WRL,1997,1.9707810878753662
World,OWID_WRL,1998,1.9848682880401611
World,OWID_WRL,1999,2.0599753856658936
World,OWID_WRL,2000,2.0611045360565186
World,OWID_WRL,2001,2.079885244369507
World,OWID_WRL,2002,2.0435140132904053
World,OWID_WRL,2003,2.032611608505249
World,OWID_WRL,2004,1.984315037727356
World,OWID_WRL,2005,1.9658910036087036
World,OWID_WRL,2006,1.9750378131866455
World,OWID_WRL,2007,1.9414418935775757
World,OWID_WRL,2008,1.9953490495681763
World,OWID_WRL,2009,2.032158613204956
World,OWID_WRL,2010,2.017327308654785
World,OWID_WRL,2011,2.003960609436035
World,OWID_WRL,2012,2.033520221710205
World,OWID_WRL,2013,1.9891486167907715
World,OWID_WRL,2014,2.067600965499878
World,OWID_WRL,2015,2.085968494415283
World,OWID_WRL,2016,2.1164326667785645
World,OWID_WRL,2017,2.127814531326294
World,OWID_WRL,2018,2.202624559402466
Zambia,ZMB,1996,0.01104000024497509
Zambia,ZMB,1997,0.007369999773800373
Zambia,ZMB,2002,0.005439999978989363
Zambia,ZMB,2003,0.008469999767839909
Zambia,ZMB,2004,0.02222999930381775
Zambia,ZMB,2005,0.02493000030517578
Zambia,ZMB,2008,0.2781899869441986